START,PRED,END,rRMSEC,rRMSEP,TIME,TRAIN_IS_STAT,TRAIN_PVAL,TEST_IS_STAT,TEST_PVAL,ID,CATEGORY
2018-01-01,2018-03-09,2018-04-01,0.4226329172235394,0.6742723676060409,0.4240221977233886,False,0.9842487186794916,False,0.0882505618006375,ARI000,self_realization
2018-01-01,2018-03-09,2018-04-01,0.0608288635303675,0.1070717467446354,5.227612733840942,False,0.9842487186794916,False,0.0882505618006375,OSC000,self_realization
2018-01-01,2018-03-09,2018-04-01,0.3570136375235085,0.4369855848469355,0.4040901660919189,True,0.0329348251110832,False,0.996947770930185,ARI000,socialization
2018-01-01,2018-03-09,2018-04-01,0.0695818570395334,0.1466392016407088,3.847514152526856,True,0.0329348251110832,False,0.996947770930185,OSC000,socialization
2018-01-01,2018-03-09,2018-04-01,0.126005396069209,0.3080383985815055,0.4482765197753906,False,0.997795878784336,False,0.9734318864370268,ARI000,survival
2018-01-01,2018-03-09,2018-04-01,0.0360127418868747,0.049881437305347,4.995210647583008,False,0.997795878784336,False,0.9734318864370268,OSC000,survival
2018-02-01,2018-04-08,2018-05-01,2.969946909549176,0.6492104452621492,0.4207139015197754,False,0.3363191718708967,True,0.0087985365419687,ARI001,self_realization
2018-02-01,2018-04-08,2018-05-01,0.1247036355121016,0.0513944041410706,3.949248552322388,False,0.3363191718708967,True,0.0087985365419687,OSC001,self_realization
2018-02-01,2018-04-08,2018-05-01,5.541486100291867,0.6829722322806828,0.5467605590820312,True,0.0100365865948904,True,0.0288040469827944,ARI001,socialization
2018-02-01,2018-04-08,2018-05-01,0.1354641818149126,0.1582017498600979,3.956299781799317,True,0.0100365865948904,True,0.0288040469827944,OSC001,socialization
2018-02-01,2018-04-08,2018-05-01,1.7292580651297782,0.3733476901007222,0.3918211460113525,False,0.1734559159689356,False,0.0519713350573984,ARI001,survival
2018-02-01,2018-04-08,2018-05-01,0.0406937816611924,0.0479864946400921,4.426392316818237,False,0.1734559159689356,False,0.0519713350573984,OSC001,survival
2018-03-01,2018-05-09,2018-06-01,0.1960760033067908,0.1581720040791293,0.4674162864685058,False,0.2169096157399292,False,0.8231293121682233,ARI002,self_realization
2018-03-01,2018-05-09,2018-06-01,0.1119609699674177,0.0406833343179951,4.4992640018463135,False,0.2169096157399292,False,0.8231293121682233,OSC002,self_realization
2018-03-01,2018-05-09,2018-06-01,0.2266864141932142,0.0830776465811723,0.3979935646057129,True,0.0099402656919828,False,0.7979232031123873,ARI002,socialization
2018-03-01,2018-05-09,2018-06-01,0.0525999460200362,0.0415420534686378,4.28127121925354,True,0.0099402656919828,False,0.7979232031123873,OSC002,socialization
2018-03-01,2018-05-09,2018-06-01,0.205394192325343,0.0583169926121847,0.4103586673736572,False,0.6195613443227579,False,0.8056480445701322,ARI002,survival
2018-03-01,2018-05-09,2018-06-01,0.0424275908696537,0.0121794124690341,4.743465185165405,False,0.6195613443227579,False,0.8056480445701322,OSC002,survival
2018-04-01,2018-06-08,2018-07-01,0.2306837611398964,0.0529475957659425,0.4282076358795166,True,0.0040208633355406,True,0.0007565424057455,ARI003,self_realization
2018-04-01,2018-06-08,2018-07-01,0.0234521109721186,0.0595047227159543,5.508455038070679,True,0.0040208633355406,True,0.0007565424057455,OSC003,self_realization
2018-04-01,2018-06-08,2018-07-01,0.4335744939583856,0.1612220806119928,0.453683853149414,False,0.1055183586007583,False,0.9545182641945767,ARI003,socialization
2018-04-01,2018-06-08,2018-07-01,0.0342070216203685,0.0628932138543235,4.258887767791748,False,0.1055183586007583,False,0.9545182641945767,OSC003,socialization
2018-04-01,2018-06-08,2018-07-01,0.4110474827841203,0.0406621292941339,0.4004812240600586,True,0.0189153297346929,False,0.811757472595187,ARI003,survival
2018-04-01,2018-06-08,2018-07-01,0.0255939448684212,0.0304247987129288,5.011597156524658,True,0.0189153297346929,False,0.811757472595187,OSC003,survival
2018-05-01,2018-07-09,2018-08-01,0.0120543532757843,0.1764911991525679,0.4312307834625244,False,0.9388670982876218,False,0.1607577341349991,ARI004,self_realization
2018-05-01,2018-07-09,2018-08-01,0.0201068344756243,0.0710503871617138,5.312668085098267,False,0.9388670982876218,False,0.1607577341349991,OSC004,self_realization
2018-05-01,2018-07-09,2018-08-01,0.1492639747446548,0.2421420899913484,0.587679386138916,False,0.672692671001148,False,0.4622470392707642,ARI004,socialization
2018-05-01,2018-07-09,2018-08-01,0.0226106501688247,0.0326250333258871,5.179414749145508,False,0.672692671001148,False,0.4622470392707642,OSC004,socialization
2018-05-01,2018-07-09,2018-08-01,0.9940646357411478,0.0522553762031658,0.5405271053314209,False,0.4722537747580129,False,0.1264616300555295,ARI004,survival
2018-05-01,2018-07-09,2018-08-01,0.0120838414018603,0.0252649454981242,5.824973583221436,False,0.4722537747580129,False,0.1264616300555295,OSC004,survival
2018-06-01,2018-08-09,2018-09-01,0.4440767895732577,0.1540197680994118,0.5254116058349609,False,0.677353407229191,True,0.020481688529738,ARI005,self_realization
2018-06-01,2018-08-09,2018-09-01,0.0402144588177317,0.1462657391918572,5.4569597244262695,False,0.677353407229191,True,0.020481688529738,OSC005,self_realization
2018-06-01,2018-08-09,2018-09-01,0.1541895583344393,0.11014876414085,0.4483208656311035,True,0.0065587151746396,False,0.6341869729483149,ARI005,socialization
2018-06-01,2018-08-09,2018-09-01,0.0293689999245488,0.0395258603678541,6.292741537094116,True,0.0065587151746396,False,0.6341869729483149,OSC005,socialization
2018-06-01,2018-08-09,2018-09-01,0.3356113697446925,0.2084524222107924,0.4379503726959228,False,0.9893567646686412,False,0.0455981357758765,ARI005,survival
2018-06-01,2018-08-09,2018-09-01,0.0298047034664999,0.0615679400836249,6.370413303375244,False,0.9893567646686412,False,0.0455981357758765,OSC005,survival
2018-07-01,2018-09-08,2018-10-01,0.1694135896131185,0.1327010093928396,0.4250435829162597,True,9.741732899271068e-05,False,0.7931026770208438,ARI006,self_realization
2018-07-01,2018-09-08,2018-10-01,0.0601617124882775,0.2588055956367894,4.578099489212036,True,9.741732899271068e-05,False,0.7931026770208438,OSC006,self_realization
2018-07-01,2018-09-08,2018-10-01,0.1290356999532251,0.1524914003018056,0.4089226722717285,False,0.8872517568051679,False,0.1410628624482233,ARI006,socialization
2018-07-01,2018-09-08,2018-10-01,0.0562630278568043,0.0719605321405082,5.599430561065674,False,0.8872517568051679,False,0.1410628624482233,OSC006,socialization
2018-07-01,2018-09-08,2018-10-01,0.4093543797013047,0.2692516218083153,0.7444493770599365,False,0.8731619812187907,False,0.9989084495655618,ARI006,survival
2018-07-01,2018-09-08,2018-10-01,0.0702348366463938,0.0338567039771328,4.748249292373657,False,0.8731619812187907,False,0.9989084495655618,OSC006,survival
2018-08-01,2018-10-09,2018-11-01,0.6856521277860613,0.3745442619090228,0.3986489772796631,True,0.0014757046536108,False,0.5368465103442526,ARI007,self_realization
2018-08-01,2018-10-09,2018-11-01,0.0866982024173261,0.0308200761241291,4.521883010864258,True,0.0014757046536108,False,0.5368465103442526,OSC007,self_realization
2018-08-01,2018-10-09,2018-11-01,0.193070975306824,0.0429666708742481,0.6699888706207275,False,0.9421576052506858,False,0.2172493607124981,ARI007,socialization
2018-08-01,2018-10-09,2018-11-01,0.041502059363659,0.0699399440530795,6.483820676803589,False,0.9421576052506858,False,0.2172493607124981,OSC007,socialization
2018-08-01,2018-10-09,2018-11-01,0.8228864776955024,0.0419425640619217,0.4320530891418457,True,0.0007053052818266,False,0.971216026354414,ARI007,survival
2018-08-01,2018-10-09,2018-11-01,0.045196998086337,0.037342295008675,5.792732000350952,True,0.0007053052818266,False,0.971216026354414,OSC007,survival
2018-09-01,2018-11-08,2018-12-01,2.4514668802173434,0.1690879789681491,0.4070577621459961,False,0.0704584870502621,False,0.3549369721433136,ARI008,self_realization
2018-09-01,2018-11-08,2018-12-01,0.0376061158519012,0.277586652836621,4.684797048568726,False,0.0704584870502621,False,0.3549369721433136,OSC008,self_realization
2018-09-01,2018-11-08,2018-12-01,0.978641014255884,0.3769411912242445,0.4132459163665771,False,0.1130729859575223,True,0.000716913467921,ARI008,socialization
2018-09-01,2018-11-08,2018-12-01,0.0335929186442,0.1811709881959055,5.8304665088653564,False,0.1130729859575223,True,0.000716913467921,OSC008,socialization
2018-09-01,2018-11-08,2018-12-01,0.2380500783672886,0.0867799919123748,0.4020934104919433,False,0.170093455366939,True,1.0634450242501336e-08,ARI008,survival
2018-09-01,2018-11-08,2018-12-01,0.0240181547878193,0.1384117194056966,3.629258871078491,False,0.170093455366939,True,1.0634450242501336e-08,OSC008,survival
2018-10-01,2018-12-09,2019-01-01,0.273972984997513,0.2688255799519888,0.5083229541778564,True,0.0026135097719391,False,0.9984154455037104,ARI009,self_realization
2018-10-01,2018-12-09,2019-01-01,0.0444096372414276,0.259030476605856,6.322955846786499,True,0.0026135097719391,False,0.9984154455037104,OSC009,self_realization
2018-10-01,2018-12-09,2019-01-01,2.1057001212020454,0.0827778441606442,0.4361786842346191,False,0.0562659124794147,False,0.9969937057736474,ARI009,socialization
2018-10-01,2018-12-09,2019-01-01,0.0321001890718002,0.0500768780401699,5.174486398696899,False,0.0562659124794147,False,0.9969937057736474,OSC009,socialization
2018-10-01,2018-12-09,2019-01-01,0.3351545847752982,0.2517542009072337,0.4050655364990234,True,0.0051205207936992,False,1.0,ARI009,survival
2018-10-01,2018-12-09,2019-01-01,0.0331657705656949,0.1518971922990398,5.047939300537109,True,0.0051205207936992,False,1.0,OSC009,survival
2018-11-01,2019-01-09,2019-02-01,0.3832877855929296,0.3739731345288966,0.4552876949310303,False,0.8626429999120753,True,4.437753168565422e-06,ARI010,self_realization
2018-11-01,2019-01-09,2019-02-01,0.1068780531550625,0.6588130587228503,4.576040744781494,False,0.8626429999120753,True,4.437753168565422e-06,OSC010,self_realization
2018-11-01,2019-01-09,2019-02-01,0.7022445068569556,0.1422990763557334,0.4208476543426513,False,0.065318200519634,False,0.5460865212452362,ARI010,socialization
2018-11-01,2019-01-09,2019-02-01,0.0524832361300771,0.1694643867985562,4.689484357833862,False,0.065318200519634,False,0.5460865212452362,OSC010,socialization
2018-11-01,2019-01-09,2019-02-01,0.6156061252646154,0.3095120734759142,0.4347302913665771,False,0.5933579721758435,True,0.0031731791599841,ARI010,survival
2018-11-01,2019-01-09,2019-02-01,0.04895391450364,0.3070818629642226,4.6171510219573975,False,0.5933579721758435,True,0.0031731791599841,OSC010,survival
2018-12-01,2019-02-06,2019-03-01,0.3858669496430563,1.2714981386448696,0.3867955207824707,False,0.2147900027412603,False,0.0492205809915755,ARI011,self_realization
2018-12-01,2019-02-06,2019-03-01,0.1366556471655684,0.054882527830799,3.481597661972046,False,0.2147900027412603,False,0.0492205809915755,OSC011,self_realization
2018-12-01,2019-02-06,2019-03-01,0.1772290995612279,0.0929940284466376,0.463733434677124,False,0.572746862746664,False,0.9686787501894436,ARI011,socialization
2018-12-01,2019-02-06,2019-03-01,0.1124737645340447,0.0695062370850014,4.188580513000488,False,0.572746862746664,False,0.9686787501894436,OSC011,socialization
2018-12-01,2019-02-06,2019-03-01,0.0198154227004367,0.2086081422994169,0.4911630153656006,False,0.1981778439931843,False,0.0563506717290435,ARI011,survival
2018-12-01,2019-02-06,2019-03-01,0.0829960267540984,0.0332619268723752,4.723583221435547,False,0.1981778439931843,False,0.0563506717290435,OSC011,survival
2019-01-01,2019-03-09,2019-04-01,0.5363464766248287,0.2780841600332292,0.4831318855285644,False,0.3166774462378749,False,0.815175863324777,ARI012,self_realization
2019-01-01,2019-03-09,2019-04-01,0.4377272678776951,0.2281796724963277,3.664292573928833,False,0.3166774462378749,False,0.815175863324777,OSC012,self_realization
2019-01-01,2019-03-09,2019-04-01,0.0261703086069086,0.0537407580192471,0.5483653545379639,False,0.9138772158879104,True,9.494905354355218e-10,ARI012,socialization
2019-01-01,2019-03-09,2019-04-01,0.2295316089627814,0.0546086304757385,4.878610372543335,False,0.9138772158879104,True,9.494905354355218e-10,OSC012,socialization
2019-01-01,2019-03-09,2019-04-01,1.5050104654257754,0.0646356038792479,0.4222280979156494,False,0.0583418718746096,False,0.118129105856289,ARI012,survival
2019-01-01,2019-03-09,2019-04-01,0.2671982673357764,0.1239051220446673,4.057847499847412,False,0.0583418718746096,False,0.118129105856289,OSC012,survival
2019-02-01,2019-04-08,2019-05-01,0.52228976565272,0.1002363136367915,0.4287631511688232,False,0.3788315392429604,False,0.031566090807644,ARI013,self_realization
2019-02-01,2019-04-08,2019-05-01,0.0557922824927737,0.0596562056287205,6.267443895339966,False,0.3788315392429604,False,0.031566090807644,OSC013,self_realization
2019-02-01,2019-04-08,2019-05-01,0.1401605491681329,0.0199204605908418,0.4974989891052246,False,0.2263004339020157,False,1.0,ARI013,socialization
2019-02-01,2019-04-08,2019-05-01,0.0182659232236778,0.0192521171865937,3.7589733600616455,False,0.2263004339020157,False,1.0,OSC013,socialization
2019-02-01,2019-04-08,2019-05-01,0.1701365161410837,0.0267385466420824,0.4112977981567383,False,0.1015572056004163,False,0.0940987421320513,ARI013,survival
2019-02-01,2019-04-08,2019-05-01,0.0243821452224571,0.0253108071195567,4.996431589126587,False,0.1015572056004163,False,0.0940987421320513,OSC013,survival
2019-03-01,2019-05-09,2019-06-01,0.025509423259006,0.5382970722358363,0.4530949592590332,False,0.0728727571598126,False,0.9757661939844926,ARI014,self_realization
2019-03-01,2019-05-09,2019-06-01,0.0946267412227476,0.1170331801569079,4.647504091262817,False,0.0728727571598126,False,0.9757661939844926,OSC014,self_realization
2019-03-01,2019-05-09,2019-06-01,0.2746102137838516,0.0435794122547378,0.4341750144958496,False,0.6298027921528964,False,0.3239657968381018,ARI014,socialization
2019-03-01,2019-05-09,2019-06-01,0.0262562938951619,0.0273486529335097,4.98844051361084,False,0.6298027921528964,False,0.3239657968381018,OSC014,socialization
2019-03-01,2019-05-09,2019-06-01,0.4739328011673109,0.0573629420323149,0.4430441856384277,False,0.0880453702416066,False,0.5968899549925315,ARI014,survival
2019-03-01,2019-05-09,2019-06-01,0.0378609287936114,0.0221057599247388,4.730347871780396,False,0.0880453702416066,False,0.5968899549925315,OSC014,survival
2019-04-01,2019-06-08,2019-07-01,1.1287408399230503,0.0641227154880682,0.4492883682250976,True,0.000955977371848,False,0.998875339618632,ARI015,self_realization
2019-04-01,2019-06-08,2019-07-01,0.0670556777396465,0.0374451562515595,4.684344291687012,True,0.000955977371848,False,0.998875339618632,OSC015,self_realization
2019-04-01,2019-06-08,2019-07-01,0.0146767429227112,0.0266684695079545,0.5079696178436279,True,0.0001200934687619,False,0.1060167264303993,ARI015,socialization
2019-04-01,2019-06-08,2019-07-01,0.0296580745452551,0.1009320616909621,5.414979934692383,True,0.0001200934687619,False,0.1060167264303993,OSC015,socialization
2019-04-01,2019-06-08,2019-07-01,0.337214271927108,0.0375672653631565,0.4245574474334717,True,3.135126586868521e-06,False,0.247305149506349,ARI015,survival
2019-04-01,2019-06-08,2019-07-01,0.0241610532311699,0.0570915396639282,4.179892301559448,True,3.135126586868521e-06,False,0.247305149506349,OSC015,survival
2019-05-01,2019-07-09,2019-08-01,0.0915872478084219,0.0432481116573336,0.4702095985412597,True,0.0293344175656139,False,0.1728386553287691,ARI016,self_realization
2019-05-01,2019-07-09,2019-08-01,0.0770668734313773,0.1619586184621348,3.226804733276367,True,0.0293344175656139,False,0.1728386553287691,OSC016,self_realization
2019-05-01,2019-07-09,2019-08-01,0.0258494592831755,0.0226988577798705,0.4207119941711426,False,0.8174574394104105,False,0.0826628158960928,ARI016,socialization
2019-05-01,2019-07-09,2019-08-01,0.0491135904676817,0.1062992236028096,4.505195379257202,False,0.8174574394104105,False,0.0826628158960928,OSC016,socialization
2019-05-01,2019-07-09,2019-08-01,0.8815708336710745,0.1440050816246252,0.4179010391235351,False,0.8299847807455372,False,0.954561220282307,ARI016,survival
2019-05-01,2019-07-09,2019-08-01,0.0386143169887577,0.0220334007129014,3.450129985809326,False,0.8299847807455372,False,0.954561220282307,OSC016,survival
2019-06-01,2019-08-09,2019-09-01,0.0753375295217951,0.2230090775557823,0.4998185634613037,False,0.2978467118136322,False,0.4488185088756876,ARI017,self_realization
2019-06-01,2019-08-09,2019-09-01,0.0282786617818082,0.0122506648434435,5.318037748336792,False,0.2978467118136322,False,0.4488185088756876,OSC017,self_realization
2019-06-01,2019-08-09,2019-09-01,0.3867321444928517,0.2340419471594862,0.4556589126586914,False,0.2021614421622193,False,0.1674240549883933,ARI017,socialization
2019-06-01,2019-08-09,2019-09-01,0.028071378837504,0.174896999144023,4.61862063407898,False,0.2021614421622193,False,0.1674240549883933,OSC017,socialization
2019-06-01,2019-08-09,2019-09-01,0.1475980929918361,0.0824272511930551,0.4165749549865722,False,0.4682965145903444,False,0.2060573683222735,ARI017,survival
2019-06-01,2019-08-09,2019-09-01,0.0291752172921517,0.0098209793079013,4.806286573410034,False,0.4682965145903444,False,0.2060573683222735,OSC017,survival
2019-07-01,2019-09-08,2019-10-01,0.0382851867116159,0.2438379871362626,0.3999924659729004,False,0.0513206667925604,False,0.5718307172996491,ARI018,self_realization
2019-07-01,2019-09-08,2019-10-01,0.0250204163080607,0.0409371961457307,7.2596728801727295,False,0.0513206667925604,False,0.5718307172996491,OSC018,self_realization
2019-07-01,2019-09-08,2019-10-01,0.0591216822350854,0.0459640566274252,0.51228928565979,False,0.8885982623327549,False,0.3077870274565392,ARI018,socialization
2019-07-01,2019-09-08,2019-10-01,0.0800352366085812,0.0505094594022526,5.328984260559082,False,0.8885982623327549,False,0.3077870274565392,OSC018,socialization
2019-07-01,2019-09-08,2019-10-01,0.0689641169046158,0.3387970684478916,0.4416625499725342,False,0.724354513576753,True,0.0104559659325801,ARI018,survival
2019-07-01,2019-09-08,2019-10-01,0.0561586468592836,0.032841688422168,5.536846399307251,False,0.724354513576753,True,0.0104559659325801,OSC018,survival
2019-08-01,2019-10-09,2019-11-01,0.2783245295455657,0.1864900550901962,0.4560971260070801,False,0.0867330391893752,False,0.929567114574206,ARI019,self_realization
2019-08-01,2019-10-09,2019-11-01,0.0344879280891326,0.0100075707175296,6.0553061962127686,False,0.0867330391893752,False,0.929567114574206,OSC019,self_realization
2019-08-01,2019-10-09,2019-11-01,0.0527200774187158,0.1139706698490878,0.4478437900543213,False,0.3361365967127179,False,0.9831798044775172,ARI019,socialization
2019-08-01,2019-10-09,2019-11-01,0.1357349603342453,0.08491919147955,4.940782785415649,False,0.3361365967127179,False,0.9831798044775172,OSC019,socialization
2019-08-01,2019-10-09,2019-11-01,0.062503830938291,0.1023329957805338,0.4221081733703613,False,0.073642847693559,False,0.0482154835129662,ARI019,survival
2019-08-01,2019-10-09,2019-11-01,0.0487839104872687,0.0442929006650529,6.790462732315064,False,0.073642847693559,False,0.0482154835129662,OSC019,survival
2019-09-01,2019-11-08,2019-12-01,0.7480618609251909,0.0875718550313307,0.4797277450561523,True,0.026909688724987,False,0.9763407191927036,ARI020,self_realization
2019-09-01,2019-11-08,2019-12-01,0.0409837404793091,0.0279617169745945,4.550622224807739,True,0.026909688724987,False,0.9763407191927036,OSC020,self_realization
2019-09-01,2019-11-08,2019-12-01,1.1650975394651546,0.3373739288767352,0.447709321975708,False,0.3776390396899375,False,0.5960437051448044,ARI020,socialization
2019-09-01,2019-11-08,2019-12-01,0.0611148062223844,0.0297436000120584,6.095451593399048,False,0.3776390396899375,False,0.5960437051448044,OSC020,socialization
2019-09-01,2019-11-08,2019-12-01,0.5938511212506409,0.1554824543291346,0.4137132167816162,True,0.035478725409715,False,0.9989568967836112,ARI020,survival
2019-09-01,2019-11-08,2019-12-01,0.0372904429528283,0.0510730838691614,4.232816219329834,True,0.035478725409715,False,0.9989568967836112,OSC020,survival
2019-10-01,2019-12-09,2020-01-01,0.0962067590152889,0.1968245269392707,0.4187707901000976,False,0.5538269014613115,False,0.991986037964118,ARI021,self_realization
2019-10-01,2019-12-09,2020-01-01,0.0422394418581151,0.2368035107608758,4.466496467590332,False,0.5538269014613115,False,0.991986037964118,OSC021,self_realization
2019-10-01,2019-12-09,2020-01-01,0.3256000045748241,0.0719480256496082,0.4153285026550293,False,0.1969912685979765,False,0.3881788142969896,ARI021,socialization
2019-10-01,2019-12-09,2020-01-01,0.034160495260467,0.1334883228377123,5.337425470352173,False,0.1969912685979765,False,0.3881788142969896,OSC021,socialization
2019-10-01,2019-12-09,2020-01-01,0.079456072758196,0.2102716565271417,0.4468512535095215,False,0.3586251479132709,False,0.9805264208977228,ARI021,survival
2019-10-01,2019-12-09,2020-01-01,0.0230503970377099,0.1524814588213438,5.026679039001465,False,0.3586251479132709,False,0.9805264208977228,OSC021,survival
2019-11-01,2020-01-09,2020-02-01,0.2534510197588157,0.2063317341267634,0.4280791282653808,False,0.245735437520648,False,0.2727275057767845,ARI022,self_realization
2019-11-01,2020-01-09,2020-02-01,0.082975510745776,0.2790393179500551,4.972429513931274,False,0.245735437520648,False,0.2727275057767845,OSC022,self_realization
2019-11-01,2020-01-09,2020-02-01,0.1967550304629891,0.4189635151448811,0.4352469444274902,True,0.0175598663414756,True,6.021975856953072e-09,ARI022,socialization
2019-11-01,2020-01-09,2020-02-01,0.0296938062762559,0.0291523215084704,5.249111175537109,True,0.0175598663414756,True,6.021975856953072e-09,OSC022,socialization
2019-11-01,2020-01-09,2020-02-01,0.0940522735758462,0.5968931024043026,0.5698542594909668,False,0.0847503823732898,False,0.337089493133182,ARI022,survival
2019-11-01,2020-01-09,2020-02-01,0.045092382988739,0.1018982105509849,5.044647216796875,False,0.0847503823732898,False,0.337089493133182,OSC022,survival
2019-12-01,2020-02-07,2020-03-01,0.2057058142222835,0.462277788950289,0.4325222969055176,False,0.1400381765374274,False,0.1455418570892647,ARI023,self_realization
2019-12-01,2020-02-07,2020-03-01,0.2145659970146107,0.0843039448131833,3.0254170894622803,False,0.1400381765374274,False,0.1455418570892647,OSC023,self_realization
2019-12-01,2020-02-07,2020-03-01,0.112720147779718,0.1148021494377824,0.4265699386596679,False,0.0624611560565663,False,0.1394625450087985,ARI023,socialization
2019-12-01,2020-02-07,2020-03-01,0.0761311740080215,0.07012660901997,4.533071041107178,False,0.0624611560565663,False,0.1394625450087985,OSC023,socialization
2019-12-01,2020-02-07,2020-03-01,0.2522940377384498,0.4122662310705369,0.4251031875610351,False,0.0624572923720559,False,0.1158599603617326,ARI023,survival
2019-12-01,2020-02-07,2020-03-01,0.1214141964733523,0.1090299567723742,4.124533176422119,False,0.0624572923720559,False,0.1158599603617326,OSC023,survival
2020-01-01,2020-03-09,2020-04-01,0.5112798457395413,0.2589268938416864,0.4542112350463867,True,0.0423971857147255,False,0.7760458116196268,ARI024,self_realization
2020-01-01,2020-03-09,2020-04-01,0.5601086817329459,0.0388496360604199,3.766251564025879,True,0.0423971857147255,False,0.7760458116196268,OSC024,self_realization
2020-01-01,2020-03-09,2020-04-01,0.125664741624405,0.1889681539747063,0.4479172229766845,False,0.2834198116373545,False,0.4313076358926916,ARI024,socialization
2020-01-01,2020-03-09,2020-04-01,0.1931933316499945,0.1085900479613382,4.619912147521973,False,0.2834198116373545,False,0.4313076358926916,OSC024,socialization
2020-01-01,2020-03-09,2020-04-01,4.475980897319886,0.1321203534617536,0.5732302665710449,False,0.3146629728343583,False,0.0399288845306,ARI024,survival
2020-01-01,2020-03-09,2020-04-01,0.3366106537382083,0.1683725368224327,4.472987651824951,False,0.3146629728343583,False,0.0399288845306,OSC024,survival
2020-02-01,2020-04-08,2020-05-01,0.6148222400482163,1.0636697586326649,0.5882706642150879,False,0.8139611920025112,False,0.3107813600366594,ARI025,self_realization
2020-02-01,2020-04-08,2020-05-01,0.1551857621776204,0.1973444316625447,5.028945207595825,False,0.8139611920025112,False,0.3107813600366594,OSC025,self_realization
2020-02-01,2020-04-08,2020-05-01,0.9205525697597216,1.9423580214349547,0.7673866748809814,True,0.0125234744540658,True,0.0001308137085524,ARI025,socialization
2020-02-01,2020-04-08,2020-05-01,0.0781656946914373,0.0946977328668338,5.075086355209351,True,0.0125234744540658,True,0.0001308137085524,OSC025,socialization
2020-02-01,2020-04-08,2020-05-01,8.83490676649994,0.4532074230969741,0.441084623336792,False,0.2824685511558117,False,0.2189394776322923,ARI025,survival
2020-02-01,2020-04-08,2020-05-01,0.0410743123495814,0.0711557052091232,4.651801347732544,False,0.2824685511558117,False,0.2189394776322923,OSC025,survival
2020-03-01,2020-05-09,2020-06-01,0.8890369228271112,0.0887735510979292,0.4034285545349121,False,0.3922522672495714,False,1.0,ARI026,self_realization
2020-03-01,2020-05-09,2020-06-01,0.213207190742597,0.2299512418264158,4.157275915145874,False,0.3922522672495714,False,1.0,OSC026,self_realization
2020-03-01,2020-05-09,2020-06-01,0.2577683348057248,0.1081004491753914,0.4154014587402344,False,0.0459929252156057,False,0.9814935669122736,ARI026,socialization
2020-03-01,2020-05-09,2020-06-01,0.1552273155556295,0.2383916864970367,4.616116046905518,False,0.0459929252156057,False,0.9814935669122736,OSC026,socialization
2020-03-01,2020-05-09,2020-06-01,0.1632305655210138,0.1505423790608896,0.4257922172546386,False,0.5578139986982469,False,0.937595526508835,ARI026,survival
2020-03-01,2020-05-09,2020-06-01,0.0841736109895845,0.0441088996348398,5.20043158531189,False,0.5578139986982469,False,0.937595526508835,OSC026,survival
2020-04-01,2020-06-08,2020-07-01,1.6109449846095707,0.2167580587228818,0.4098603725433349,False,0.5764994475955728,False,0.7328136274093372,ARI027,self_realization
2020-04-01,2020-06-08,2020-07-01,0.2121852096820553,0.4737981308128831,3.685965061187744,False,0.5764994475955728,False,0.7328136274093372,OSC027,self_realization
2020-04-01,2020-06-08,2020-07-01,0.9634834753827172,0.1954814380103816,0.4761281013488769,False,0.3544394416261848,False,0.4533559988201772,ARI027,socialization
2020-04-01,2020-06-08,2020-07-01,0.1866860831831232,0.3338443656883111,4.025951862335205,False,0.3544394416261848,False,0.4533559988201772,OSC027,socialization
2020-04-01,2020-06-08,2020-07-01,0.8706264419364205,0.1430832113874315,0.4603559970855713,False,0.687754520690788,False,0.9121192836762568,ARI027,survival
2020-04-01,2020-06-08,2020-07-01,0.0921049828090582,0.2536695138245509,4.67899227142334,False,0.687754520690788,False,0.9121192836762568,OSC027,survival
2020-05-01,2020-07-09,2020-08-01,0.0109921803158854,0.2157927803346948,0.4456918239593506,False,0.947134676540031,False,0.9422364493152586,ARI028,self_realization
2020-05-01,2020-07-09,2020-08-01,0.0264054184452091,0.0135976435205282,4.628421545028687,False,0.947134676540031,False,0.9422364493152586,OSC028,self_realization
2020-05-01,2020-07-09,2020-08-01,0.1127510339983643,0.0485558381779201,0.4941012859344482,False,0.4377109513314802,True,0.000564180361616,ARI028,socialization
2020-05-01,2020-07-09,2020-08-01,0.0393121269365188,0.1099523770393989,4.056257247924805,False,0.4377109513314802,True,0.000564180361616,OSC028,socialization
2020-05-01,2020-07-09,2020-08-01,0.0120296894898517,0.0558941629345541,0.4906821250915527,False,0.7976730624354194,False,0.7622013454464291,ARI028,survival
2020-05-01,2020-07-09,2020-08-01,0.0200085400348223,0.0712924907181858,4.054763555526733,False,0.7976730624354194,False,0.7622013454464291,OSC028,survival
2020-06-01,2020-08-09,2020-09-01,0.1294619015703047,0.0388067866092975,0.4493298530578613,False,0.9583482019019172,False,0.9981849854781608,ARI029,self_realization
2020-06-01,2020-08-09,2020-09-01,0.0234309373451062,0.0264626834244877,4.921587944030762,False,0.9583482019019172,False,0.9981849854781608,OSC029,self_realization
2020-06-01,2020-08-09,2020-09-01,0.1953356843420098,0.1439837134454885,0.3968720436096191,False,0.1735852420934344,False,0.0845861122002319,ARI029,socialization
2020-06-01,2020-08-09,2020-09-01,0.0266883279972442,0.0512455452730079,5.323251008987427,False,0.1735852420934344,False,0.0845861122002319,OSC029,socialization
2020-06-01,2020-08-09,2020-09-01,0.6760471930267711,0.1412178323507629,0.4341118335723877,False,0.231199422008017,False,0.7782663535274587,ARI029,survival
2020-06-01,2020-08-09,2020-09-01,0.0147482444453189,0.0599979715628739,6.573946714401245,False,0.231199422008017,False,0.7782663535274587,OSC029,survival
2020-07-01,2020-09-08,2020-10-01,0.126245034596335,0.0611051779441935,0.4543731212615967,False,0.847317133278247,True,0.0001214124950412,ARI030,self_realization
2020-07-01,2020-09-08,2020-10-01,0.0197622576715944,0.1365976672067924,4.986350774765015,False,0.847317133278247,True,0.0001214124950412,OSC030,self_realization
2020-07-01,2020-09-08,2020-10-01,0.0650008837386431,0.188900539213671,0.4384317398071289,False,0.071323614505787,False,0.338473129222162,ARI030,socialization
2020-07-01,2020-09-08,2020-10-01,0.0224932539999981,0.0315364035293361,5.540090560913086,False,0.071323614505787,False,0.338473129222162,OSC030,socialization
2020-07-01,2020-09-08,2020-10-01,0.0778163556444334,0.0500040690642824,0.4252407550811767,True,0.0350424882693948,True,1.0383914951235536e-05,ARI030,survival
2020-07-01,2020-09-08,2020-10-01,0.0218252464260732,0.026357189222724,6.378692150115967,True,0.0350424882693948,True,1.0383914951235536e-05,OSC030,survival
2020-08-01,2020-10-09,2020-11-01,0.2069816572638326,0.0649826789439149,0.4079787731170654,False,0.1470221808610765,True,7.904352034437002e-06,ARI031,self_realization
2020-08-01,2020-10-09,2020-11-01,0.0443105945042539,0.064552674655727,5.340780735015869,False,0.1470221808610765,True,7.904352034437002e-06,OSC031,self_realization
2020-08-01,2020-10-09,2020-11-01,0.1820401122281494,0.1689365504487395,0.4558768272399902,False,0.3734432324787965,False,0.5578303926101726,ARI031,socialization
2020-08-01,2020-10-09,2020-11-01,0.0351120737033671,0.0852981533077493,6.107001304626465,False,0.3734432324787965,False,0.5578303926101726,OSC031,socialization
2020-08-01,2020-10-09,2020-11-01,0.1491435418609247,0.106354170662644,0.4784519672393799,True,0.0418916916100257,True,0.0118850154442408,ARI031,survival
2020-08-01,2020-10-09,2020-11-01,0.0259206878602468,0.1021063576623172,5.90602707862854,True,0.0418916916100257,True,0.0118850154442408,OSC031,survival
2020-09-01,2020-11-08,2020-12-01,0.4445391539128009,0.1197539987863486,0.4914720058441162,False,0.3105144164313024,False,0.0551793195834965,ARI032,self_realization
2020-09-01,2020-11-08,2020-12-01,0.0300297416041414,0.2406410837350293,5.158143997192383,False,0.3105144164313024,False,0.0551793195834965,OSC032,self_realization
2020-09-01,2020-11-08,2020-12-01,0.240823996388298,0.3193615028999159,0.475773811340332,False,0.2098750268260218,False,0.979313538651934,ARI032,socialization
2020-09-01,2020-11-08,2020-12-01,0.0207016159297796,0.1370289310177142,5.751042604446411,False,0.2098750268260218,False,0.979313538651934,OSC032,socialization
2020-09-01,2020-11-08,2020-12-01,10.211331780986718,0.1582190768602247,0.406550645828247,False,0.3011432913833337,False,0.7672585325126641,ARI032,survival
2020-09-01,2020-11-08,2020-12-01,0.0188629193486107,0.1273619759794857,5.074917316436768,False,0.3011432913833337,False,0.7672585325126641,OSC032,survival
2020-10-01,2020-12-09,2021-01-01,0.0905771217943316,0.2442906616436727,0.4297466278076172,False,0.1636658179872499,False,0.9742558206082964,ARI033,self_realization
2020-10-01,2020-12-09,2021-01-01,0.0644223982595346,0.2545118376170149,5.055220127105713,False,0.1636658179872499,False,0.9742558206082964,OSC033,self_realization
2020-10-01,2020-12-09,2021-01-01,0.1586884284513231,0.0909678489726162,0.4545505046844482,True,0.0235462922000422,False,0.9680213748770878,ARI033,socialization
2020-10-01,2020-12-09,2021-01-01,0.0224079042706242,0.1350351086978171,4.577374696731567,True,0.0235462922000422,False,0.9680213748770878,OSC033,socialization
2020-10-01,2020-12-09,2021-01-01,0.150133535590702,0.2311846162173533,0.3948736190795898,True,0.0368220913696399,False,0.2843299985659486,ARI033,survival
2020-10-01,2020-12-09,2021-01-01,0.0244531717919371,0.1317725282101205,4.405062437057495,True,0.0368220913696399,False,0.2843299985659486,OSC033,survival
2020-11-01,2021-01-09,2021-02-01,1.9009721940887028,0.3380335334597329,0.6670255661010742,False,0.6754387493866373,True,0.0002772923583546,ARI034,self_realization
2020-11-01,2021-01-09,2021-02-01,0.0910469518020288,0.3035068677882109,3.666226863861084,False,0.6754387493866373,True,0.0002772923583546,OSC034,self_realization
2020-11-01,2021-01-09,2021-02-01,0.5002215505053192,0.2198158977939874,0.397301435470581,False,0.2011568796711955,False,0.0710999113147713,ARI034,socialization
2020-11-01,2021-01-09,2021-02-01,0.0390533881042094,0.0857185683523858,3.393153190612793,False,0.2011568796711955,False,0.0710999113147713,OSC034,socialization
2020-11-01,2021-01-09,2021-02-01,0.8765096549014987,0.5401762697863232,0.3955559730529785,False,0.2646040696347376,False,0.0353428624525878,ARI034,survival
2020-11-01,2021-01-09,2021-02-01,0.0452150284521382,0.142073975545806,4.446379899978638,False,0.2646040696347376,False,0.0353428624525878,OSC034,survival
2020-12-01,2021-02-06,2021-03-01,1.2793375794194402,0.8839595478871871,0.3758699893951416,False,0.1592571214584586,True,4.397418465548461e-12,ARI035,self_realization
2020-12-01,2021-02-06,2021-03-01,0.1745653899404797,0.064147741142127,3.4580647945404053,False,0.1592571214584586,True,4.397418465548461e-12,OSC035,self_realization
2020-12-01,2021-02-06,2021-03-01,1.668634255202259,0.6256184716806438,0.428375244140625,False,0.3759060121820226,True,0.0199751717002818,ARI035,socialization
2020-12-01,2021-02-06,2021-03-01,0.0626506259729492,0.0777065222589107,4.111288547515869,False,0.3759060121820226,True,0.0199751717002818,OSC035,socialization
2020-12-01,2021-02-06,2021-03-01,2.7515339139422954,0.9663927585814142,0.3916015625,False,0.7377049354204125,False,0.2792846780953973,ARI035,survival
2020-12-01,2021-02-06,2021-03-01,0.1160668944683594,0.0327147960979463,3.971590995788574,False,0.7377049354204125,False,0.2792846780953973,OSC035,survival
2021-01-01,2021-03-09,2021-04-01,1.8722307264147424,0.4044044925836835,0.3978595733642578,False,0.4745851034731748,True,1.615926318956657e-05,ARI036,self_realization
2021-01-01,2021-03-09,2021-04-01,0.4454857538288681,0.0971846480409853,3.451477766036988,False,0.4745851034731748,True,1.615926318956657e-05,OSC036,self_realization
2021-01-01,2021-03-09,2021-04-01,0.5625171306305118,0.4089982133371492,0.4036123752593994,False,0.2286079423883855,False,0.5025965492281206,ARI036,socialization
2021-01-01,2021-03-09,2021-04-01,0.2350015937197344,0.0450079532067943,3.934023857116699,False,0.2286079423883855,False,0.5025965492281206,OSC036,socialization
2021-01-01,2021-03-09,2021-04-01,0.9286083497736476,0.1916235275898972,0.4347372055053711,False,0.0634513486756893,False,0.9927812132311548,ARI036,survival
2021-01-01,2021-03-09,2021-04-01,0.3210685205789973,0.1366587893781347,3.554870843887329,False,0.0634513486756893,False,0.9927812132311548,OSC036,survival
2021-02-01,2021-04-08,2021-05-01,0.3070404603641309,0.1084188403403884,0.412064790725708,False,0.4913856471248438,False,0.4755148764520489,ARI037,self_realization
2021-02-01,2021-04-08,2021-05-01,0.0847628408354448,0.0870343302004977,3.4977569580078125,False,0.4913856471248438,False,0.4755148764520489,OSC037,self_realization
2021-02-01,2021-04-08,2021-05-01,0.1285528619288747,0.223877989055284,0.4391877651214599,True,2.8675132110599782e-06,False,0.0949712494486927,ARI037,socialization
2021-02-01,2021-04-08,2021-05-01,0.0361437833781346,0.0826274807872146,4.633833646774292,True,2.8675132110599782e-06,False,0.0949712494486927,OSC037,socialization
2021-02-01,2021-04-08,2021-05-01,0.1465439946289356,0.1223921697608762,0.3863744735717773,False,0.5372758239119395,True,0.0026352264495938,ARI037,survival
2021-02-01,2021-04-08,2021-05-01,0.0514436105282523,0.0475158313251378,3.413325309753418,False,0.5372758239119395,True,0.0026352264495938,OSC037,survival
2021-03-01,2021-05-09,2021-06-01,0.0193932776690096,0.1152660150584186,0.4511494636535644,True,0.0014617038208255,True,4.9541880441211607e-26,ARI038,self_realization
2021-03-01,2021-05-09,2021-06-01,0.0783277593757945,0.0238791248417392,4.32148003578186,True,0.0014617038208255,True,4.9541880441211607e-26,OSC038,self_realization
2021-03-01,2021-05-09,2021-06-01,0.6043909585713543,0.0460883074341165,0.457878828048706,False,0.2328846863964081,False,0.9861196354759624,ARI038,socialization
2021-03-01,2021-05-09,2021-06-01,0.0548915662394589,0.0251334663172565,3.741351842880249,False,0.2328846863964081,False,0.9861196354759624,OSC038,socialization
2021-03-01,2021-05-09,2021-06-01,1.155944906484527,0.26290840177364,0.4563775062561035,False,0.1054690757511183,False,0.5493247514370991,ARI038,survival
2021-03-01,2021-05-09,2021-06-01,0.0224782583494691,0.0250099024705941,5.21917986869812,False,0.1054690757511183,False,0.5493247514370991,OSC038,survival
2021-04-01,2021-06-08,2021-07-01,0.3580396252235577,0.03748100647203,0.4074883460998535,True,0.0017760532897795,False,0.7451889247904974,ARI039,self_realization
2021-04-01,2021-06-08,2021-07-01,0.0404571247361856,0.077695371899084,4.107473611831665,True,0.0017760532897795,False,0.7451889247904974,OSC039,self_realization
2021-04-01,2021-06-08,2021-07-01,0.2658612197147199,0.1321378617733632,0.431053876876831,False,0.0786111296031551,False,0.27943949049821,ARI039,socialization
2021-04-01,2021-06-08,2021-07-01,0.0326382408779722,0.0398713291455534,4.344763517379761,False,0.0786111296031551,False,0.27943949049821,OSC039,socialization
2021-04-01,2021-06-08,2021-07-01,0.1661316507609781,0.1473596099495362,0.4004218578338623,False,0.0708846250535427,False,0.2263637112833729,ARI039,survival
2021-04-01,2021-06-08,2021-07-01,0.02469965882401,0.0518239433936049,4.257723808288574,False,0.0708846250535427,False,0.2263637112833729,OSC039,survival
2021-05-01,2021-07-09,2021-08-01,0.5344788737476314,0.08663175364436,0.4121801853179931,False,0.2325409869171004,False,0.9838288671065436,ARI040,self_realization
2021-05-01,2021-07-09,2021-08-01,0.0528473054025452,0.0282305133648293,3.684105634689331,False,0.2325409869171004,False,0.9838288671065436,OSC040,self_realization
2021-05-01,2021-07-09,2021-08-01,0.0786463379221419,2.0286395564044377,0.4258677959442138,False,0.2076535056868551,True,5.967571349782773e-11,ARI040,socialization
2021-05-01,2021-07-09,2021-08-01,0.0197405438967688,0.0348294536243053,4.609690427780151,False,0.2076535056868551,True,5.967571349782773e-11,OSC040,socialization
2021-05-01,2021-07-09,2021-08-01,0.2071343371907137,0.0507558935489748,0.4333140850067138,False,0.4071229261948625,False,1.0,ARI040,survival
2021-05-01,2021-07-09,2021-08-01,0.011249690270372,0.0419001359314406,4.477644920349121,False,0.4071229261948625,False,1.0,OSC040,survival
2021-06-01,2021-08-09,2021-09-01,5.493588320031576,0.3749865523642137,0.4186351299285888,False,0.121211274158078,False,0.3339620539740441,ARI041,self_realization
2021-06-01,2021-08-09,2021-09-01,0.0348301897617271,0.0395486854915009,4.866518497467041,False,0.121211274158078,False,0.3339620539740441,OSC041,self_realization
2021-06-01,2021-08-09,2021-09-01,0.342263185059509,0.1588385599324604,0.3930821418762207,False,0.1485759057811427,False,0.5010604208636744,ARI041,socialization
2021-06-01,2021-08-09,2021-09-01,0.0230536099649284,0.0501369001706032,6.077549934387207,False,0.1485759057811427,False,0.5010604208636744,OSC041,socialization
2021-06-01,2021-08-09,2021-09-01,0.277115499235237,0.1284981265728176,0.4057164192199707,False,0.5987051568657166,False,0.0789680080275471,ARI041,survival
2021-06-01,2021-08-09,2021-09-01,0.0109237741928401,0.1132236165432499,5.371049880981445,False,0.5987051568657166,False,0.0789680080275471,OSC041,survival
2021-07-01,2021-09-08,2021-10-01,21.301788509169487,1177577047726935.0,0.3999741077423095,False,0.9904360243906996,False,0.6114687028512713,ARI042,self_realization
2021-07-01,2021-09-08,2021-10-01,0.0971452224780665,0.3080333653636975,3.6730570793151855,False,0.9904360243906996,False,0.6114687028512713,OSC042,self_realization
2021-07-01,2021-09-08,2021-10-01,0.7145287260112273,0.1713577281424513,0.4196527004241943,True,0.0298355306484477,True,0.000634824021522,ARI042,socialization
2021-07-01,2021-09-08,2021-10-01,0.0176094452818728,0.0753498307169489,5.761461496353149,True,0.0298355306484477,True,0.000634824021522,OSC042,socialization
2021-07-01,2021-09-08,2021-10-01,1.316653424522324,0.2789086640567806,0.4661848545074463,False,0.194962377246,True,0.0002705998018406,ARI042,survival
2021-07-01,2021-09-08,2021-10-01,0.0470984581285982,0.0552912700514175,4.593776226043701,False,0.194962377246,True,0.0002705998018406,OSC042,survival
2021-08-01,2021-10-09,2021-11-01,0.3970466332986208,0.092424936334449,0.4570672512054443,False,0.2367377685667618,False,0.8959618289735307,ARI043,self_realization
2021-08-01,2021-10-09,2021-11-01,0.0848339973086424,0.1225366339794386,4.38603138923645,False,0.2367377685667618,False,0.8959618289735307,OSC043,self_realization
2021-08-01,2021-10-09,2021-11-01,2.3861924127388487,0.0505240728694307,0.417203426361084,False,0.8935503523534514,True,2.719225340084074e-09,ARI043,socialization
2021-08-01,2021-10-09,2021-11-01,0.0796790505066523,0.0204896512744541,4.677024126052856,False,0.8935503523534514,True,2.719225340084074e-09,OSC043,socialization
2021-08-01,2021-10-09,2021-11-01,1.7608399639248982,0.0354319212512957,0.4763579368591308,True,0.0002020788046518,False,0.9605634229667646,ARI043,survival
2021-08-01,2021-10-09,2021-11-01,0.015333225658332,0.0390475591609225,5.571268320083618,True,0.0002020788046518,False,0.9605634229667646,OSC043,survival
2021-09-01,2021-11-08,2021-12-01,0.5401756355938916,1.2652185248686836,0.4484326839447021,False,0.32299269528549,True,0.0128266970898725,ARI044,self_realization
2021-09-01,2021-11-08,2021-12-01,0.0975271156014635,0.545734382347701,3.963315010070801,False,0.32299269528549,True,0.0128266970898725,OSC044,self_realization
2021-09-01,2021-11-08,2021-12-01,0.1425267481378243,0.4338831649297399,0.427079439163208,False,0.1639500431434102,False,0.2875328979263598,ARI044,socialization
2021-09-01,2021-11-08,2021-12-01,0.0300955551779176,0.1264820018367202,5.061584949493408,False,0.1639500431434102,False,0.2875328979263598,OSC044,socialization
2021-09-01,2021-11-08,2021-12-01,0.5631810042600849,0.5659138168323428,0.4879875183105469,True,0.0069330510248074,False,0.0300737405695923,ARI044,survival
2021-09-01,2021-11-08,2021-12-01,0.0278669692711417,0.1475192499407501,5.25721001625061,True,0.0069330510248074,False,0.0300737405695923,OSC044,survival
2021-10-01,2021-12-09,2022-01-01,0.0789611460478667,0.3976729316340152,0.423504114151001,False,0.1153901304595204,False,0.9911350050317682,ARI045,self_realization
2021-10-01,2021-12-09,2022-01-01,0.0842371066607927,0.2174579626811761,3.870860576629639,False,0.1153901304595204,False,0.9911350050317682,OSC045,self_realization
2021-10-01,2021-12-09,2022-01-01,0.6639712346571622,0.4634151269746898,0.3929362297058105,True,0.0344939007337483,False,0.9279248083094576,ARI045,socialization
2021-10-01,2021-12-09,2022-01-01,0.020681721225928,0.1121233516610364,4.712397336959839,True,0.0344939007337483,False,0.9279248083094576,OSC045,socialization
2021-10-01,2021-12-09,2022-01-01,2.0175820351005003,0.2466050685980962,0.4110193252563476,False,0.1067030947800029,False,0.3354445048146253,ARI045,survival
2021-10-01,2021-12-09,2022-01-01,0.0366680038567873,0.1556100862433726,3.931265115737915,False,0.1067030947800029,False,0.3354445048146253,OSC045,survival
2021-11-01,2022-01-09,2022-02-01,0.1671371819740273,0.3553844347555353,0.3907244205474853,True,0.0306585609738747,True,0.0317545908667167,ARI046,self_realization
2021-11-01,2022-01-09,2022-02-01,0.0940464383553582,0.3201832857495141,3.9722886085510254,True,0.0306585609738747,True,0.0317545908667167,OSC046,self_realization
2021-11-01,2022-01-09,2022-02-01,0.4909084940145199,0.3451808859541428,0.4079513549804687,True,3.5073514406408064e-06,False,0.1772750607800627,ARI046,socialization
2021-11-01,2022-01-09,2022-02-01,0.0433563505113259,0.1256915053341495,4.354788780212402,True,3.5073514406408064e-06,False,0.1772750607800627,OSC046,socialization
2021-11-01,2022-01-09,2022-02-01,0.0113600265743328,0.2675256614890297,0.4913704395294189,True,0.0263089872704847,False,0.2332130848389628,ARI046,survival
2021-11-01,2022-01-09,2022-02-01,0.0512265550530118,0.066519622401662,4.085869073867798,True,0.0263089872704847,False,0.2332130848389628,OSC046,survival
2021-12-01,2022-02-06,2022-03-01,0.2613140679677844,1.546664038158157,0.4148058891296386,False,0.3810245477513331,False,0.0444588120722648,ARI047,self_realization
2021-12-01,2022-02-06,2022-03-01,0.1416714004268472,0.0715260172931947,2.6704249382019043,False,0.3810245477513331,False,0.0444588120722648,OSC047,self_realization
2021-12-01,2022-02-06,2022-03-01,3.306803091586606,0.4705285695612171,0.3889317512512207,False,0.4127872947030594,False,0.7567566383981391,ARI047,socialization
2021-12-01,2022-02-06,2022-03-01,0.1577818126153285,0.2546815778880318,3.942405462265015,False,0.4127872947030594,False,0.7567566383981391,OSC047,socialization
2021-12-01,2022-02-06,2022-03-01,0.3999621963639421,0.2450097838257696,0.3790509700775146,False,0.2699175641918477,False,0.9919934361857538,ARI047,survival
2021-12-01,2022-02-06,2022-03-01,0.112328769944203,0.0428652994423866,3.364539861679077,False,0.2699175641918477,False,0.9919934361857538,OSC047,survival
2022-01-01,2022-03-09,2022-04-01,1.1223136025350566,0.7747437742775669,0.407346248626709,False,0.0792942979887097,True,0.0096710667243039,ARI048,self_realization
2022-01-01,2022-03-09,2022-04-01,0.2638305918719176,0.3713187826544148,4.4941017627716064,False,0.0792942979887097,True,0.0096710667243039,OSC048,self_realization
2022-01-01,2022-03-09,2022-04-01,0.364613022963739,0.3549648036454756,0.4286887645721435,False,0.5519812744003454,False,0.4075816428816041,ARI048,socialization
2022-01-01,2022-03-09,2022-04-01,0.1246646884614642,0.1903833089210306,4.233597278594971,False,0.5519812744003454,False,0.4075816428816041,OSC048,socialization
2022-01-01,2022-03-09,2022-04-01,1.232164136235856,0.5852856281692352,0.573176383972168,False,0.4195978178149167,False,0.9908047110243932,ARI048,survival
2022-01-01,2022-03-09,2022-04-01,0.0504182264629467,0.2788387711532504,4.687593221664429,False,0.4195978178149167,False,0.9908047110243932,OSC048,survival
2022-02-01,2022-04-08,2022-05-01,0.4799970912439885,0.2338374802992792,0.4031872749328613,False,0.3179723030910401,False,0.8848377200148694,ARI049,self_realization
2022-02-01,2022-04-08,2022-05-01,0.1563684932844732,0.0446657286475107,3.5664429664611816,False,0.3179723030910401,False,0.8848377200148694,OSC049,self_realization
2022-02-01,2022-04-08,2022-05-01,1.814068478733469,0.1358992448995182,0.3871047496795654,True,0.0044035362045639,False,0.2723386705523434,ARI049,socialization
2022-02-01,2022-04-08,2022-05-01,0.0710936205096087,0.1228879085630398,4.561251401901245,True,0.0044035362045639,False,0.2723386705523434,OSC049,socialization
2022-02-01,2022-04-08,2022-05-01,1.45891718821381,0.0531915075714556,0.4158604145050049,True,8.669722579917087e-06,True,0.0144952257902927,ARI049,survival
2022-02-01,2022-04-08,2022-05-01,0.0770447900526099,0.0378179582249863,4.496692895889282,True,8.669722579917087e-06,True,0.0144952257902927,OSC049,survival
2022-03-01,2022-05-09,2022-06-01,0.0482120389198918,0.2318311969782163,0.4061915874481201,False,0.2480446716708552,False,0.9963644898303,ARI050,self_realization
2022-03-01,2022-05-09,2022-06-01,0.1567206949021811,0.0890379333471813,4.209697008132935,False,0.2480446716708552,False,0.9963644898303,OSC050,self_realization
2022-03-01,2022-05-09,2022-06-01,0.1933043521764161,0.0969118849863586,0.403012752532959,False,0.0715398475592293,False,0.0380296842599148,ARI050,socialization
2022-03-01,2022-05-09,2022-06-01,0.0916087599329325,0.0534312174451738,4.975365161895752,False,0.0715398475592293,False,0.0380296842599148,OSC050,socialization
2022-03-01,2022-05-09,2022-06-01,0.1962211984062887,0.4748951137828404,0.4037129878997803,False,0.0757799944340749,False,0.6608227758092318,ARI050,survival
2022-03-01,2022-05-09,2022-06-01,0.0900246897452349,0.0164511543065509,4.305861711502075,False,0.0757799944340749,False,0.6608227758092318,OSC050,survival
2022-04-01,2022-06-08,2022-07-01,0.9201428818023776,0.195436259232919,0.4038112163543701,False,0.24002896004187,False,0.4136676721337292,ARI051,self_realization
2022-04-01,2022-06-08,2022-07-01,0.0472876456722608,0.0438636949602267,5.0878520011901855,False,0.24002896004187,False,0.4136676721337292,OSC051,self_realization
2022-04-01,2022-06-08,2022-07-01,0.335084174441826,0.0800673312821591,0.4128422737121582,False,0.2843054540853628,False,0.946032130572778,ARI051,socialization
2022-04-01,2022-06-08,2022-07-01,0.0598552445672695,0.0316628889669815,5.374685525894165,False,0.2843054540853628,False,0.946032130572778,OSC051,socialization
2022-04-01,2022-06-08,2022-07-01,0.6146408378091613,0.0948473406468415,0.5070497989654541,True,0.0001044770823046,False,0.1807380147081351,ARI051,survival
2022-04-01,2022-06-08,2022-07-01,0.0344219488395774,0.0345354630852251,4.82931661605835,True,0.0001044770823046,False,0.1807380147081351,OSC051,survival
2022-05-01,2022-07-09,2022-08-01,1.136619465100775,0.7504241682706945,0.4018573760986328,False,0.4232761071928154,False,0.983103543116365,ARI052,self_realization
2022-05-01,2022-07-09,2022-08-01,0.033150160157591,0.0279558426347478,5.003793716430664,False,0.4232761071928154,False,0.983103543116365,OSC052,self_realization
2022-05-01,2022-07-09,2022-08-01,0.2705886418295722,0.0196244609456254,0.402193546295166,False,0.8785320774013916,False,0.9990838363039092,ARI052,socialization
2022-05-01,2022-07-09,2022-08-01,0.0158552432918813,0.0148940275198053,4.779443979263306,False,0.8785320774013916,False,0.9990838363039092,OSC052,socialization
2022-05-01,2022-07-09,2022-08-01,0.1171603943609106,0.3597394306232064,0.4046287536621094,False,0.1678519818891795,True,3.3056036933330283e-06,ARI052,survival
2022-05-01,2022-07-09,2022-08-01,0.0236275033805729,0.0278400253111049,4.877288579940796,False,0.1678519818891795,True,3.3056036933330283e-06,OSC052,survival
2018-01-01,2018-05-16,2018-07-01,0.2452332016817644,1052.0380447975897,0.6038987636566162,False,0.3841064313197396,False,0.420871637848748,ARI053,self_realization
2018-01-01,2018-05-16,2018-07-01,0.1071724951388681,0.1447647886216356,8.798806428909302,False,0.3841064313197396,False,0.420871637848748,OSC053,self_realization
2018-01-01,2018-05-16,2018-07-01,0.033943857810561,0.754692996301464,0.5993080139160156,True,0.011914730597509,False,0.9652489735773176,ARI053,socialization
2018-01-01,2018-05-16,2018-07-01,0.0996977480526917,0.1710126572905916,8.359514474868774,True,0.011914730597509,False,0.9652489735773176,OSC053,socialization
2018-01-01,2018-05-16,2018-07-01,0.0945668176654195,0.1743513409878059,0.5444293022155762,False,0.7178872121834402,False,0.4283293101031706,ARI053,survival
2018-01-01,2018-05-16,2018-07-01,0.0610451577038944,0.0290855590649481,8.867357969284058,False,0.7178872121834402,False,0.4283293101031706,OSC053,survival
2018-02-01,2018-06-16,2018-08-01,0.016019939099449,0.1378413440969644,0.611302375793457,False,0.3482823907672179,True,0.0295201948209515,ARI054,self_realization
2018-02-01,2018-06-16,2018-08-01,0.1276241047599806,0.0869183392168717,8.243223905563354,False,0.3482823907672179,True,0.0295201948209515,OSC054,self_realization
2018-02-01,2018-06-16,2018-08-01,0.0861267892399999,0.1125603864392838,0.5375716686248779,False,0.6573448867771696,False,0.5083492118981666,ARI054,socialization
2018-02-01,2018-06-16,2018-08-01,0.1576845048184627,0.098224397826098,10.231108903884888,False,0.6573448867771696,False,0.5083492118981666,OSC054,socialization
2018-02-01,2018-06-16,2018-08-01,0.014832739525038,0.0410462257777262,0.5506706237792969,False,0.1901947376835628,False,0.926628430570686,ARI054,survival
2018-02-01,2018-06-16,2018-08-01,0.0395489963602552,0.1763966029196577,9.273743391036987,False,0.1901947376835628,False,0.926628430570686,OSC054,survival
2018-03-01,2018-07-17,2018-09-01,0.0243809851479518,0.9350042346085488,0.6539936065673828,True,0.0169862247230003,False,0.2187170723261166,ARI055,self_realization
2018-03-01,2018-07-17,2018-09-01,0.0941070136995148,0.0957581921549741,10.833805084228516,True,0.0169862247230003,False,0.2187170723261166,OSC055,self_realization
2018-03-01,2018-07-17,2018-09-01,0.2390141179412584,0.028169156583513,0.6062488555908203,False,0.915418325210278,False,0.9585884902260066,ARI055,socialization
2018-03-01,2018-07-17,2018-09-01,0.0511860645448082,0.0673752691141079,11.077114582061768,False,0.915418325210278,False,0.9585884902260066,OSC055,socialization
2018-03-01,2018-07-17,2018-09-01,0.0256133910754514,0.2706718445717814,0.6501200199127197,False,0.7778381329982176,False,0.130727844998208,ARI055,survival
2018-03-01,2018-07-17,2018-09-01,0.034054545283832,0.1258674360307959,10.05026125907898,False,0.7778381329982176,False,0.130727844998208,OSC055,survival
2018-04-01,2018-08-16,2018-10-01,0.0965154199179722,0.0920097440517266,0.5035581588745117,False,0.5336513639116763,True,0.0295044958374003,ARI056,self_realization
2018-04-01,2018-08-16,2018-10-01,0.0445484226038969,0.1162626097471223,8.797082901000977,False,0.5336513639116763,True,0.0295044958374003,OSC056,self_realization
2018-04-01,2018-08-16,2018-10-01,0.0820646284749255,0.1270619609317218,0.5366499423980713,False,0.0854081151478262,False,0.9400605458158636,ARI056,socialization
2018-04-01,2018-08-16,2018-10-01,0.0399978521783863,0.1165872113871879,9.500690460205078,False,0.0854081151478262,False,0.9400605458158636,OSC056,socialization
2018-04-01,2018-08-16,2018-10-01,0.1088353893303727,0.2374356821759513,0.5340332984924316,False,0.3618907820682136,False,0.1019326174797087,ARI056,survival
2018-04-01,2018-08-16,2018-10-01,0.0271946689639816,0.0626263649808613,9.141607999801636,False,0.3618907820682136,False,0.1019326174797087,OSC056,survival
2018-05-01,2018-09-16,2018-11-01,0.0295427392705876,0.3208745285829755,0.4253530502319336,True,0.0394776924783689,False,0.1862525848207935,ARI057,self_realization
2018-05-01,2018-09-16,2018-11-01,0.0664993690435298,0.1249986070002371,8.939170360565186,True,0.0394776924783689,False,0.1862525848207935,OSC057,self_realization
2018-05-01,2018-09-16,2018-11-01,0.1131676631840044,0.21749728763982,0.6023480892181396,False,0.0960457239731715,False,0.0854632589397117,ARI057,socialization
2018-05-01,2018-09-16,2018-11-01,0.0345933993806206,0.0646643834141008,11.014710426330566,False,0.0960457239731715,False,0.0854632589397117,OSC057,socialization
2018-05-01,2018-09-16,2018-11-01,0.0778818407797755,0.2474093053126767,0.5686342716217041,False,0.8297676112438777,False,0.8014772708070783,ARI057,survival
2018-05-01,2018-09-16,2018-11-01,0.0273291971596452,0.0873053699949787,13.185588836669922,False,0.8297676112438777,False,0.8014772708070783,OSC057,survival
2018-06-01,2018-10-16,2018-12-01,0.0620786467469528,0.0849122566983166,0.553760290145874,False,0.079831026842599,False,0.0412672039147722,ARI058,self_realization
2018-06-01,2018-10-16,2018-12-01,0.0636116291182874,0.4489502089857655,9.186169385910034,False,0.079831026842599,False,0.0412672039147722,OSC058,self_realization
2018-06-01,2018-10-16,2018-12-01,0.0981403664689851,0.4748530202385077,0.5497267246246338,False,0.2325353380918462,False,0.070814227680464,ARI058,socialization
2018-06-01,2018-10-16,2018-12-01,0.0422348324417574,0.1625516918746427,10.61422061920166,False,0.2325353380918462,False,0.070814227680464,OSC058,socialization
2018-06-01,2018-10-16,2018-12-01,0.071198913769274,0.0631718010673003,0.5849869251251221,False,0.58487762315378,True,0.0314811079467638,ARI058,survival
2018-06-01,2018-10-16,2018-12-01,0.0553764841755602,1.4617446280419062,11.452130317687988,False,0.58487762315378,True,0.0314811079467638,OSC058,survival
2018-07-01,2018-11-16,2019-01-01,0.1242209361567624,0.4493745065688843,0.6361830234527588,False,0.2512106908558699,False,0.8552607593252244,ARI059,self_realization
2018-07-01,2018-11-16,2019-01-01,0.0780401069971374,0.2141995319022521,8.136168241500854,False,0.2512106908558699,False,0.8552607593252244,OSC059,self_realization
2018-07-01,2018-11-16,2019-01-01,0.1324841891523779,0.1007159446426476,0.5811781883239746,False,0.7021062701844049,False,0.290225606150116,ARI059,socialization
2018-07-01,2018-11-16,2019-01-01,0.1146375065480771,0.1393182949586358,9.31606936454773,False,0.7021062701844049,False,0.290225606150116,OSC059,socialization
2018-07-01,2018-11-16,2019-01-01,0.0110299891527862,0.2364109880778199,0.6970987319946289,False,0.1029768402077433,False,0.9548073032162508,ARI059,survival
2018-07-01,2018-11-16,2019-01-01,0.0621796294890291,0.2385315240783585,10.692155599594116,False,0.1029768402077433,False,0.9548073032162508,OSC059,survival
2018-08-01,2018-12-17,2019-02-01,0.1439417065191612,0.2320909414655191,0.5802977085113525,False,0.7997970181279835,False,0.7122964053538625,ARI060,self_realization
2018-08-01,2018-12-17,2019-02-01,0.0760531895883655,0.2807526921353415,7.859996795654297,False,0.7997970181279835,False,0.7122964053538625,OSC060,self_realization
2018-08-01,2018-12-17,2019-02-01,0.2422400838912763,0.1241960515548782,0.5460562705993652,False,0.3581299177782151,False,0.3732481421624289,ARI060,socialization
2018-08-01,2018-12-17,2019-02-01,0.0483998527403553,0.1175454392077271,10.976027250289915,False,0.3581299177782151,False,0.3732481421624289,OSC060,socialization
2018-08-01,2018-12-17,2019-02-01,0.1060699881301201,0.1417994018950196,0.6110842227935791,False,0.9972248646692324,False,0.6578134690056239,ARI060,survival
2018-08-01,2018-12-17,2019-02-01,0.0385412545014578,0.1871712399307364,10.5079026222229,False,0.9972248646692324,False,0.6578134690056239,OSC060,survival
2018-09-01,2019-01-14,2019-03-01,0.0853396010971035,0.2178302701868508,0.638587474822998,True,0.0113561287728782,False,0.277673476341912,ARI061,self_realization
2018-09-01,2019-01-14,2019-03-01,0.1697777271001868,0.0822113498571952,9.20139765739441,True,0.0113561287728782,False,0.277673476341912,OSC061,self_realization
2018-09-01,2019-01-14,2019-03-01,0.064138832840477,0.4045154110454516,0.5604736804962158,True,0.0207398854885198,False,0.9233796769913856,ARI061,socialization
2018-09-01,2019-01-14,2019-03-01,0.0878493036374424,0.1109797174783128,10.405869483947754,True,0.0207398854885198,False,0.9233796769913856,OSC061,socialization
2018-09-01,2019-01-14,2019-03-01,0.2404867404946673,0.3313706302786551,0.582139253616333,False,0.5883989760770366,False,0.1106692343613854,ARI061,survival
2018-09-01,2019-01-14,2019-03-01,0.0941923996556156,0.1126371789457896,7.217259883880615,False,0.5883989760770366,False,0.1106692343613854,OSC061,survival
2018-10-01,2019-02-14,2019-04-01,0.1481727264062143,0.4618213411382145,0.5687618255615234,False,0.1426352580300885,False,0.3677097912399527,ARI062,self_realization
2018-10-01,2019-02-14,2019-04-01,0.1236407500993994,0.1670019651314064,7.351296186447143,False,0.1426352580300885,False,0.3677097912399527,OSC062,self_realization
2018-10-01,2019-02-14,2019-04-01,0.1175250981461724,0.1845267971615907,0.5279431343078613,False,0.8720658942616792,False,0.0797969808892347,ARI062,socialization
2018-10-01,2019-02-14,2019-04-01,0.0888564705563063,0.1614007327811158,7.984991550445557,False,0.8720658942616792,False,0.0797969808892347,OSC062,socialization
2018-10-01,2019-02-14,2019-04-01,0.0372332625221722,0.1936481220001769,0.5804328918457031,False,0.5751728152809565,False,0.3817078939304328,ARI062,survival
2018-10-01,2019-02-14,2019-04-01,0.0663718793746847,0.0826813859474707,10.415616035461426,False,0.5751728152809565,False,0.3817078939304328,OSC062,survival
2018-11-01,2019-03-16,2019-05-01,0.1153013376725428,0.226275567511418,0.5414056777954102,False,0.1320739910004682,False,0.0533455605607723,ARI063,self_realization
2018-11-01,2019-03-16,2019-05-01,0.129962708330411,0.3994836587911818,8.278219938278198,False,0.1320739910004682,False,0.0533455605607723,OSC063,self_realization
2018-11-01,2019-03-16,2019-05-01,0.0639274785391853,0.0785113892357117,0.5697150230407715,False,0.6539627530053584,False,0.8991540083770166,ARI063,socialization
2018-11-01,2019-03-16,2019-05-01,0.0948690247566424,0.0499234671506212,10.888960838317873,False,0.6539627530053584,False,0.8991540083770166,OSC063,socialization
2018-11-01,2019-03-16,2019-05-01,0.0832049687345243,0.3559622030296934,0.5415172576904297,False,0.4055002115802305,False,0.2662587812619297,ARI063,survival
2018-11-01,2019-03-16,2019-05-01,0.0683452310696244,0.1683043073049873,8.663840770721436,False,0.4055002115802305,False,0.2662587812619297,OSC063,survival
2018-12-01,2019-04-16,2019-06-01,0.1224314763952881,0.1474880944802888,0.5622506141662598,True,0.0415909321063065,False,0.3104767931012984,ARI064,self_realization
2018-12-01,2019-04-16,2019-06-01,0.1637511080184636,0.2360274471367177,8.170016288757324,True,0.0415909321063065,False,0.3104767931012984,OSC064,self_realization
2018-12-01,2019-04-16,2019-06-01,0.101613960948386,0.0831425229673515,0.5199732780456543,False,0.7116213716458953,True,0.012447677724736,ARI064,socialization
2018-12-01,2019-04-16,2019-06-01,0.10763645220026,0.0964232002632792,10.428961038589478,False,0.7116213716458953,True,0.012447677724736,OSC064,socialization
2018-12-01,2019-04-16,2019-06-01,0.1584443935898496,0.0552905766107122,0.5196707248687744,False,0.2765225849557843,False,0.0947673810393103,ARI064,survival
2018-12-01,2019-04-16,2019-06-01,0.0916142889700497,0.1521071154532753,11.936304330825806,False,0.2765225849557843,False,0.0947673810393103,OSC064,survival
2019-01-01,2019-05-16,2019-07-01,0.026864426731974,0.3531227247749567,0.617525577545166,True,0.0001583129999433,False,0.8164308506154628,ARI065,self_realization
2019-01-01,2019-05-16,2019-07-01,0.546312246474409,0.203123445336608,8.088342189788818,True,0.0001583129999433,False,0.8164308506154628,OSC065,self_realization
2019-01-01,2019-05-16,2019-07-01,0.3404366294948651,0.3370016606221684,0.5406994819641113,False,0.7731002644854008,False,0.8831859620137206,ARI065,socialization
2019-01-01,2019-05-16,2019-07-01,0.209188653950451,0.2318688661243951,8.687303066253662,False,0.7731002644854008,False,0.8831859620137206,OSC065,socialization
2019-01-01,2019-05-16,2019-07-01,0.3639133253995734,0.2248026993059283,0.802947998046875,True,0.0004979465146282,False,0.8473156454779271,ARI065,survival
2019-01-01,2019-05-16,2019-07-01,0.3201925227350339,0.1307587684110312,9.107704162597656,True,0.0004979465146282,False,0.8473156454779271,OSC065,survival
2019-02-01,2019-06-16,2019-08-01,0.0820359711387808,0.0759834988999542,0.5762135982513428,True,0.0307490738431648,True,0.0086765031066509,ARI066,self_realization
2019-02-01,2019-06-16,2019-08-01,0.0789472181731664,0.068364169575617,9.259481430053713,True,0.0307490738431648,True,0.0086765031066509,OSC066,self_realization
2019-02-01,2019-06-16,2019-08-01,0.0083643222233001,0.0475548478567513,0.6750507354736328,False,0.643659905125494,False,0.1682966697533289,ARI066,socialization
2019-02-01,2019-06-16,2019-08-01,0.0454281381349993,0.0395849886888961,9.643302917480469,False,0.643659905125494,False,0.1682966697533289,OSC066,socialization
2019-02-01,2019-06-16,2019-08-01,0.0228168674147109,0.069965554921889,0.5502939224243164,True,0.0060931411341542,False,0.9811101400753276,ARI066,survival
2019-02-01,2019-06-16,2019-08-01,0.0338598418589131,0.0364894840702662,9.117753744125366,True,0.0060931411341542,False,0.9811101400753276,OSC066,survival
2019-03-01,2019-07-17,2019-09-01,0.0803294198350166,1.988808278591521,0.6178598403930664,False,0.0487945992347918,False,0.15843178883003,ARI067,self_realization
2019-03-01,2019-07-17,2019-09-01,0.0897718355377976,0.2577343813273755,8.552037954330444,False,0.0487945992347918,False,0.15843178883003,OSC067,self_realization
2019-03-01,2019-07-17,2019-09-01,0.1357351805086164,0.0550426214222204,0.5590429306030273,False,0.980383949415362,False,0.62933468184174,ARI067,socialization
2019-03-01,2019-07-17,2019-09-01,0.0766998692301981,0.2095883853892982,10.353918075561523,False,0.980383949415362,False,0.62933468184174,OSC067,socialization
2019-03-01,2019-07-17,2019-09-01,0.086826416189134,0.1019496863439255,0.5282504558563232,False,0.8649627304894401,True,0.0107639575246295,ARI067,survival
2019-03-01,2019-07-17,2019-09-01,0.0374807259069702,0.0668732398943423,11.55699372291565,False,0.8649627304894401,True,0.0107639575246295,OSC067,survival
2019-04-01,2019-08-16,2019-10-01,0.2358080549469846,0.0842032740228758,0.5379617214202881,False,0.1330584688999626,True,0.0155445375406663,ARI068,self_realization
2019-04-01,2019-08-16,2019-10-01,0.0542735891835852,0.0699960475701464,9.781408309936523,False,0.1330584688999626,True,0.0155445375406663,OSC068,self_realization
2019-04-01,2019-08-16,2019-10-01,0.018276235231099,0.125506502914467,0.5529143810272217,False,0.5966286144318698,False,0.4154544669946865,ARI068,socialization
2019-04-01,2019-08-16,2019-10-01,0.0653320555855421,0.085198465232218,8.787302255630493,False,0.5966286144318698,False,0.4154544669946865,OSC068,socialization
2019-04-01,2019-08-16,2019-10-01,0.0903076453316075,0.2044119817892854,0.6168134212493896,False,0.508776344100521,True,0.0034833369177351,ARI068,survival
2019-04-01,2019-08-16,2019-10-01,0.0336269796151013,0.0481215880570012,9.703782081604004,False,0.508776344100521,True,0.0034833369177351,OSC068,survival
2019-05-01,2019-09-16,2019-11-01,0.0084566847198944,0.1382155772828412,0.6572144031524658,False,0.3499917512883402,True,0.0295084144799783,ARI069,self_realization
2019-05-01,2019-09-16,2019-11-01,0.1001648406173408,0.0781804526343316,10.425238847732544,False,0.3499917512883402,True,0.0295084144799783,OSC069,self_realization
2019-05-01,2019-09-16,2019-11-01,0.0352720288556177,0.0642256755726289,0.5576424598693848,False,0.6321851862940262,True,0.0360322590698573,ARI069,socialization
2019-05-01,2019-09-16,2019-11-01,0.0731355453336644,0.0303101088494656,7.990897655487059,False,0.6321851862940262,True,0.0360322590698573,OSC069,socialization
2019-05-01,2019-09-16,2019-11-01,0.03958538161072,0.212362124866321,0.5934619903564453,False,0.7879474733654236,False,0.0522613804458046,ARI069,survival
2019-05-01,2019-09-16,2019-11-01,0.0504969801356665,0.106171986494652,10.718535900115969,False,0.7879474733654236,False,0.0522613804458046,OSC069,survival
2019-06-01,2019-10-16,2019-12-01,0.0214810070091177,0.0822058074156138,0.607630729675293,False,0.0870961201040346,False,0.8445432152424482,ARI070,self_realization
2019-06-01,2019-10-16,2019-12-01,0.0320910794375062,0.0909384878970606,10.325010776519775,False,0.0870961201040346,False,0.8445432152424482,OSC070,self_realization
2019-06-01,2019-10-16,2019-12-01,0.0688076649588044,0.1291241773534819,0.5556492805480957,False,0.8036056408541618,False,0.3344540327695882,ARI070,socialization
2019-06-01,2019-10-16,2019-12-01,0.0875037065173688,0.0418958121333375,9.5275616645813,False,0.8036056408541618,False,0.3344540327695882,OSC070,socialization
2019-06-01,2019-10-16,2019-12-01,0.0431985863713974,0.1012196091955157,0.5825207233428955,False,0.6082412261615681,False,0.8948243354906774,ARI070,survival
2019-06-01,2019-10-16,2019-12-01,0.0454081831089368,0.0366422590149327,11.86015272140503,False,0.6082412261615681,False,0.8948243354906774,OSC070,survival
2019-07-01,2019-11-16,2020-01-01,0.0154439895024781,0.3052038095654799,0.5596086978912354,True,0.0013347945045891,False,0.9906185150825014,ARI071,self_realization
2019-07-01,2019-11-16,2020-01-01,0.0402084252084141,0.252002347234058,11.282033205032349,True,0.0013347945045891,False,0.9906185150825014,OSC071,self_realization
2019-07-01,2019-11-16,2020-01-01,0.2112914524667332,0.0692245362956165,0.5458667278289795,False,0.3889541619504894,False,0.1578919303759223,ARI071,socialization
2019-07-01,2019-11-16,2020-01-01,0.1320487128362903,0.1055817595383255,12.046968698501589,False,0.3889541619504894,False,0.1578919303759223,OSC071,socialization
2019-07-01,2019-11-16,2020-01-01,0.1305745168794946,0.1993303156778781,0.6349270343780518,False,0.2831416193702817,False,0.7504261950252127,ARI071,survival
2019-07-01,2019-11-16,2020-01-01,0.0744426755495773,0.1924648365686464,10.52047872543335,False,0.2831416193702817,False,0.7504261950252127,OSC071,survival
2019-08-01,2019-12-17,2020-02-01,0.0277460756487752,0.2937002739507002,0.5860483646392822,False,0.4435422811808984,False,0.2388939680333489,ARI072,self_realization
2019-08-01,2019-12-17,2020-02-01,0.0430938364786188,0.2740755375885308,9.301454305648804,False,0.4435422811808984,False,0.2388939680333489,OSC072,self_realization
2019-08-01,2019-12-17,2020-02-01,0.1498878553130205,0.1019962165800304,0.6432762145996094,False,0.1950973387832509,False,0.2233852162577452,ARI072,socialization
2019-08-01,2019-12-17,2020-02-01,0.134962543443206,0.2518725028750593,10.055965423583984,False,0.1950973387832509,False,0.2233852162577452,OSC072,socialization
2019-08-01,2019-12-17,2020-02-01,0.0880654345195894,0.1518710298831499,0.568314790725708,False,0.9768063818570646,False,0.1888419966507144,ARI072,survival
2019-08-01,2019-12-17,2020-02-01,0.0384379783578349,0.1397077908055551,9.527673244476318,False,0.9768063818570646,False,0.1888419966507144,OSC072,survival
2019-09-01,2020-01-15,2020-03-01,1.2000143786111392,4.330126339945851,0.6248314380645752,False,0.9844087178970788,False,0.1700508750706629,ARI073,self_realization
2019-09-01,2020-01-15,2020-03-01,0.1523900332527009,0.1136380913012949,6.641484022140503,False,0.9844087178970788,False,0.1700508750706629,OSC073,self_realization
2019-09-01,2020-01-15,2020-03-01,0.2087258430806284,0.2848778129648685,0.5363795757293701,True,0.0428024740228905,False,0.981763049822369,ARI073,socialization
2019-09-01,2020-01-15,2020-03-01,0.0638005612432414,0.1416011856097107,11.289000988006592,True,0.0428024740228905,False,0.981763049822369,OSC073,socialization
2019-09-01,2020-01-15,2020-03-01,0.7219865975995836,3.04516914582474,0.5517032146453857,False,0.5178065685311742,False,0.1356574768278443,ARI073,survival
2019-09-01,2020-01-15,2020-03-01,0.0912978263230519,0.1555152925335632,9.107371807098389,False,0.5178065685311742,False,0.1356574768278443,OSC073,survival
2019-10-01,2020-02-15,2020-04-01,0.1452510501112973,0.7975714673739002,0.538834810256958,False,0.6008334486012145,False,0.6153695930471661,ARI074,self_realization
2019-10-01,2020-02-15,2020-04-01,0.1700929005097601,0.1474485027964779,8.066010475158691,False,0.6008334486012145,False,0.6153695930471661,OSC074,self_realization
2019-10-01,2020-02-15,2020-04-01,0.1730648089415568,0.1190988219800888,0.5594902038574219,False,0.2441788308811766,False,0.0883688155043001,ARI074,socialization
2019-10-01,2020-02-15,2020-04-01,0.0625057390387828,0.0647777341449676,9.14298963546753,False,0.2441788308811766,False,0.0883688155043001,OSC074,socialization
2019-10-01,2020-02-15,2020-04-01,0.2466558438857015,0.241857654208476,0.5529489517211914,False,0.5209137162907322,False,0.8206051021448364,ARI074,survival
2019-10-01,2020-02-15,2020-04-01,0.0943445292520721,0.0492246719737164,8.90814208984375,False,0.5209137162907322,False,0.8206051021448364,OSC074,survival
2019-11-01,2020-03-16,2020-05-01,0.0721961767343073,0.49193366900156,0.5744476318359375,False,0.2871852412668112,True,0.0165210172711334,ARI075,self_realization
2019-11-01,2020-03-16,2020-05-01,0.1679017535279436,1.061597218056722,8.35728144645691,False,0.2871852412668112,True,0.0165210172711334,OSC075,self_realization
2019-11-01,2020-03-16,2020-05-01,0.1332126694601924,0.4904568958560132,0.6106345653533936,True,0.0449408585457318,True,0.0022085763623667,ARI075,socialization
2019-11-01,2020-03-16,2020-05-01,0.0607466120379784,0.3822152852480946,11.911559343338013,True,0.0449408585457318,True,0.0022085763623667,OSC075,socialization
2019-11-01,2020-03-16,2020-05-01,0.0837760390629288,0.130263421970317,0.5654332637786865,False,0.3816293599626984,False,0.2855820046915041,ARI075,survival
2019-11-01,2020-03-16,2020-05-01,0.0900852825128418,0.2373407403963622,7.916918039321899,False,0.3816293599626984,False,0.2855820046915041,OSC075,survival
2019-12-01,2020-04-16,2020-06-01,0.6931050415911256,2.0614703179000777,0.5689406394958496,False,0.4913938881629298,False,0.9912195335975962,ARI076,self_realization
2019-12-01,2020-04-16,2020-06-01,0.1962415194624237,0.2602672040486957,8.781674861907959,False,0.4913938881629298,False,0.9912195335975962,OSC076,self_realization
2019-12-01,2020-04-16,2020-06-01,0.277320740466987,0.481525350264037,0.5708539485931396,True,0.0001174886204805,False,0.9411708770881564,ARI076,socialization
2019-12-01,2020-04-16,2020-06-01,0.1254610048254777,0.4118107320430471,8.582683801651001,True,0.0001174886204805,False,0.9411708770881564,OSC076,socialization
2019-12-01,2020-04-16,2020-06-01,0.0650032530896242,0.1006074476691241,0.5919156074523926,False,0.3430255074467344,False,0.982047609856695,ARI076,survival
2019-12-01,2020-04-16,2020-06-01,0.1051169999247007,0.1163658628518091,10.417366027832031,False,0.3430255074467344,False,0.982047609856695,OSC076,survival
2020-01-01,2020-05-16,2020-07-01,0.1048501588454252,0.8581975660056992,0.5602095127105713,False,0.1794711694144529,False,0.9512384294702276,ARI077,self_realization
2020-01-01,2020-05-16,2020-07-01,0.6122292328753629,1.124903089693685,7.286044597625732,False,0.1794711694144529,False,0.9512384294702276,OSC077,self_realization
2020-01-01,2020-05-16,2020-07-01,0.0282434184220361,0.1756739969395289,0.5761170387268066,False,0.6312557177903042,False,0.136005265453225,ARI077,socialization
2020-01-01,2020-05-16,2020-07-01,0.2212521403727453,0.6090221711774773,8.702280282974243,False,0.6312557177903042,False,0.136005265453225,OSC077,socialization
2020-01-01,2020-05-16,2020-07-01,0.0242692466800535,0.1288890821266167,0.5867180824279785,False,0.8333403653707078,False,0.9886145447282362,ARI077,survival
2020-01-01,2020-05-16,2020-07-01,0.2699245409806283,0.590194553276524,6.891110420227051,False,0.8333403653707078,False,0.9886145447282362,OSC077,survival
2020-02-01,2020-06-16,2020-08-01,0.887098775609464,0.7604849680650494,0.5783998966217041,False,0.6573941695636347,False,0.998846055799378,ARI078,self_realization
2020-02-01,2020-06-16,2020-08-01,0.2247018625772689,0.5788893022153042,9.530276536941528,False,0.6573941695636347,False,0.998846055799378,OSC078,self_realization
2020-02-01,2020-06-16,2020-08-01,0.1265660669322734,0.2884024047032758,0.5624237060546875,False,0.4483280198007598,False,0.0771834262846325,ARI078,socialization
2020-02-01,2020-06-16,2020-08-01,0.153836507934953,0.3576116086179299,7.994152307510376,False,0.4483280198007598,False,0.0771834262846325,OSC078,socialization
2020-02-01,2020-06-16,2020-08-01,0.1774837693868291,0.0289955267015697,0.5753812789916992,False,0.6489280678821676,False,0.0754149734901041,ARI078,survival
2020-02-01,2020-06-16,2020-08-01,0.0717431263935356,0.2218926511378263,9.283146619796751,False,0.6489280678821676,False,0.0754149734901041,OSC078,survival
2020-03-01,2020-07-17,2020-09-01,0.5434879473932437,1.171583114492436,0.5539157390594482,True,0.0246009595161499,False,0.999009105569982,ARI079,self_realization
2020-03-01,2020-07-17,2020-09-01,0.3063345507525646,1.1879366223107393,9.046256303787231,True,0.0246009595161499,False,0.999009105569982,OSC079,self_realization
2020-03-01,2020-07-17,2020-09-01,0.0086110077085614,0.0845377427574781,0.5677270889282227,False,0.8645687001000479,True,0.0252098297088421,ARI079,socialization
2020-03-01,2020-07-17,2020-09-01,0.1329669020750823,0.7047737703354319,10.158533334732056,False,0.8645687001000479,True,0.0252098297088421,OSC079,socialization
2020-03-01,2020-07-17,2020-09-01,0.144788459944952,0.3196096696631311,0.5295062065124512,False,0.8519385733565639,False,0.1518850993746272,ARI079,survival
2020-03-01,2020-07-17,2020-09-01,0.0615923771254552,0.3936106969595269,8.414921045303345,False,0.8519385733565639,False,0.1518850993746272,OSC079,survival
2020-04-01,2020-08-16,2020-10-01,0.2258797700170315,0.0980081396862113,0.5203790664672852,False,0.8486409305599465,False,0.4253729692066314,ARI080,self_realization
2020-04-01,2020-08-16,2020-10-01,0.1286904483819309,0.4550066635569603,8.400813341140747,False,0.8486409305599465,False,0.4253729692066314,OSC080,self_realization
2020-04-01,2020-08-16,2020-10-01,0.100596699366711,0.1340027374560409,0.5481560230255127,False,0.4127425125486427,False,0.2115474123749104,ARI080,socialization
2020-04-01,2020-08-16,2020-10-01,0.1213421115869871,0.1686829518042248,8.011489152908325,False,0.4127425125486427,False,0.2115474123749104,OSC080,socialization
2020-04-01,2020-08-16,2020-10-01,0.1905651376313248,0.0287060118490396,0.6014978885650635,False,0.634030445149237,False,0.1503632628307773,ARI080,survival
2020-04-01,2020-08-16,2020-10-01,0.0598435502599311,0.2164518899069869,10.05391788482666,False,0.634030445149237,False,0.1503632628307773,OSC080,survival
2020-05-01,2020-09-16,2020-11-01,0.0744377678873987,0.3300269916199456,0.5261046886444092,False,0.7889899007634797,False,0.8652634296308246,ARI081,self_realization
2020-05-01,2020-09-16,2020-11-01,0.0812130106447455,0.0548776725999001,6.80207633972168,False,0.7889899007634797,False,0.8652634296308246,OSC081,self_realization
2020-05-01,2020-09-16,2020-11-01,0.060543315024383,0.1464120007194502,0.5617270469665527,True,0.0033669988063865,False,0.1970667866997187,ARI081,socialization
2020-05-01,2020-09-16,2020-11-01,0.0531094620805867,0.2340727075517918,8.909384489059448,True,0.0033669988063865,False,0.1970667866997187,OSC081,socialization
2020-05-01,2020-09-16,2020-11-01,0.0196359696709031,0.2304091723103951,0.5268332958221436,True,0.024216819660514,True,0.0215628694485538,ARI081,survival
2020-05-01,2020-09-16,2020-11-01,0.0289698663591336,0.0239408514700684,7.790689468383789,True,0.024216819660514,True,0.0215628694485538,OSC081,survival
2020-06-01,2020-10-16,2020-12-01,0.1415475092287379,0.0752924060264748,0.5483536720275879,False,0.189636206035677,True,0.0021328276146706,ARI082,self_realization
2020-06-01,2020-10-16,2020-12-01,0.0879335560558333,0.2081518202342713,7.68733549118042,False,0.189636206035677,True,0.0021328276146706,OSC082,self_realization
2020-06-01,2020-10-16,2020-12-01,0.0978777767023596,348.19392491251705,0.5828430652618408,False,0.5315498263011401,False,0.1313744715196516,ARI082,socialization
2020-06-01,2020-10-16,2020-12-01,0.0420986397638602,0.0696993777440119,11.05914831161499,False,0.5315498263011401,False,0.1313744715196516,OSC082,socialization
2020-06-01,2020-10-16,2020-12-01,0.0775617458741934,1.1273818968751288,0.5957667827606201,True,0.0085890140051469,True,0.0073067622097142,ARI082,survival
2020-06-01,2020-10-16,2020-12-01,0.035772990810588,0.0525790208777844,10.015654802322388,True,0.0085890140051469,True,0.0073067622097142,OSC082,survival
2020-07-01,2020-11-16,2021-01-01,0.1311465499933362,0.453274188218327,0.6008632183074951,False,0.2506246003190577,False,0.9311576145602024,ARI083,self_realization
2020-07-01,2020-11-16,2021-01-01,0.0754802162418265,0.1224762150782523,7.55439305305481,False,0.2506246003190577,False,0.9311576145602024,OSC083,self_realization
2020-07-01,2020-11-16,2021-01-01,0.1789331127142283,0.08706352347116,0.5551300048828125,False,0.8436439820853734,False,0.6136498533856815,ARI083,socialization
2020-07-01,2020-11-16,2021-01-01,0.0341233174061034,0.0953813880589903,11.444579362869264,False,0.8436439820853734,False,0.6136498533856815,OSC083,socialization
2020-07-01,2020-11-16,2021-01-01,0.1080499662301932,0.1711638388253177,0.5871574878692627,False,0.6427890640627332,False,0.3313907321911387,ARI083,survival
2020-07-01,2020-11-16,2021-01-01,0.0353638393018994,0.1621389269659872,12.249817609786987,False,0.6427890640627332,False,0.3313907321911387,OSC083,survival
2020-08-01,2020-12-17,2021-02-01,0.182166422245552,0.2722747688127512,0.5700809955596924,False,0.2305231443700302,False,0.517410738150506,ARI084,self_realization
2020-08-01,2020-12-17,2021-02-01,0.0737004259169213,0.2605505596238504,8.677709341049194,False,0.2305231443700302,False,0.517410738150506,OSC084,self_realization
2020-08-01,2020-12-17,2021-02-01,0.1377120363238556,0.1152919844243558,0.5620920658111572,False,0.6170629887223386,False,0.6590397616105756,ARI084,socialization
2020-08-01,2020-12-17,2021-02-01,0.0694720232683095,2.208548312427498,12.361290216445925,False,0.6170629887223386,False,0.6590397616105756,OSC084,socialization
2020-08-01,2020-12-17,2021-02-01,0.1240521172806772,0.1609642532451298,0.571190357208252,False,0.9830405637328856,False,0.5102615271872947,ARI084,survival
2020-08-01,2020-12-17,2021-02-01,0.0420631007777441,0.172255982183415,12.21969723701477,False,0.9830405637328856,False,0.5102615271872947,OSC084,survival
2020-09-01,2021-01-14,2021-03-01,0.3307524013593562,0.5197707785185216,0.552269697189331,True,0.0003314181789335,False,0.5124845572184098,ARI085,self_realization
2020-09-01,2021-01-14,2021-03-01,0.1678687203907565,0.226592937321299,6.21753716468811,True,0.0003314181789335,False,0.5124845572184098,OSC085,self_realization
2020-09-01,2021-01-14,2021-03-01,0.2104360537000367,0.3590065697431457,0.556516170501709,False,0.1618930905059243,False,0.2105091916703497,ARI085,socialization
2020-09-01,2021-01-14,2021-03-01,0.0598115611495134,0.2207663857040016,12.059741973876951,False,0.1618930905059243,False,0.2105091916703497,OSC085,socialization
2020-09-01,2021-01-14,2021-03-01,0.3426767615700326,1.2764042578920631,0.5562243461608887,False,0.6671852514593112,True,0.0205193349226136,ARI085,survival
2020-09-01,2021-01-14,2021-03-01,0.0855559864076319,0.1676465879421599,7.491778373718262,False,0.6671852514593112,True,0.0205193349226136,OSC085,survival
2020-10-01,2021-02-14,2021-04-01,0.0658506219698427,0.2486692066817298,0.5763974189758301,True,0.0422774910304545,False,0.3940540916656838,ARI086,self_realization
2020-10-01,2021-02-14,2021-04-01,0.1804766847459515,0.1608064434866666,8.801665306091309,True,0.0422774910304545,False,0.3940540916656838,OSC086,self_realization
2020-10-01,2021-02-14,2021-04-01,0.2894305666379441,0.0893957884705708,0.5569679737091064,False,0.8047637181173,False,0.8877867428482318,ARI086,socialization
2020-10-01,2021-02-14,2021-04-01,0.087850355421609,0.0633994939728345,11.233603239059448,False,0.8047637181173,False,0.8877867428482318,OSC086,socialization
2020-10-01,2021-02-14,2021-04-01,0.4937225771149705,0.0643504401048519,0.6165127754211426,False,0.4619834122903512,False,0.5799017644512259,ARI086,survival
2020-10-01,2021-02-14,2021-04-01,0.1041784444938385,0.0707810491773405,7.178720474243164,False,0.4619834122903512,False,0.5799017644512259,OSC086,survival
2020-11-01,2021-03-16,2021-05-01,0.3999217996796798,0.2978163315400862,0.5739893913269043,False,0.0500363384010959,True,0.0022226014244616,ARI087,self_realization
2020-11-01,2021-03-16,2021-05-01,0.1836615417965222,0.0613103571631344,6.296630144119263,False,0.0500363384010959,True,0.0022226014244616,OSC087,self_realization
2020-11-01,2021-03-16,2021-05-01,0.1863928737186024,0.3527067792091244,0.6196331977844238,False,0.5925792046384858,False,0.1842513328115661,ARI087,socialization
2020-11-01,2021-03-16,2021-05-01,0.0753084927598305,0.1610250837467248,11.857847213745115,False,0.5925792046384858,False,0.1842513328115661,OSC087,socialization
2020-11-01,2021-03-16,2021-05-01,0.6569579120539226,0.5932688474320434,0.5272700786590576,False,0.4010706367550667,True,0.0151515670369234,ARI087,survival
2020-11-01,2021-03-16,2021-05-01,0.1058687874970694,0.144468335610442,7.981344938278198,False,0.4010706367550667,True,0.0151515670369234,OSC087,survival
2020-12-01,2021-04-16,2021-06-01,0.1204758602414194,0.072402849096583,0.5499575138092041,True,0.0029909547375127,True,0.0114153972321891,ARI088,self_realization
2020-12-01,2021-04-16,2021-06-01,0.1817291024531157,0.1058875165016967,7.713088274002075,True,0.0029909547375127,True,0.0114153972321891,OSC088,self_realization
2020-12-01,2021-04-16,2021-06-01,0.0281737230325761,0.2172256053901832,0.561711311340332,False,0.5457359666164134,False,0.824699084850105,ARI088,socialization
2020-12-01,2021-04-16,2021-06-01,0.0821177200215486,0.0585914796726965,8.817051649093628,False,0.5457359666164134,False,0.824699084850105,OSC088,socialization
2020-12-01,2021-04-16,2021-06-01,0.0928588184055686,0.0706351249393432,0.6129815578460693,False,0.3841738058864644,False,0.4363170233166957,ARI088,survival
2020-12-01,2021-04-16,2021-06-01,0.1081503579763184,0.0703549596608951,7.668240785598755,False,0.3841738058864644,False,0.4363170233166957,OSC088,survival
2021-01-01,2021-05-16,2021-07-01,0.5178443165306172,0.2237822876650993,0.56136155128479,True,0.0038664406482922,False,0.4281665168440325,ARI089,self_realization
2021-01-01,2021-05-16,2021-07-01,0.4844969078921848,0.1915080741020489,7.260989427566528,True,0.0038664406482922,False,0.4281665168440325,OSC089,self_realization
2021-01-01,2021-05-16,2021-07-01,0.2507628093546306,0.0704080993493745,0.5683977603912354,False,0.704336422708697,False,0.7479583036155878,ARI089,socialization
2021-01-01,2021-05-16,2021-07-01,0.2065933974859519,0.1554187278262829,8.09524416923523,False,0.704336422708697,False,0.7479583036155878,OSC089,socialization
2021-01-01,2021-05-16,2021-07-01,0.4493709125600555,0.1876147047915144,0.5336956977844238,False,0.580218996251024,False,0.4046798018253175,ARI089,survival
2021-01-01,2021-05-16,2021-07-01,0.363116396702606,0.1329323515345759,8.663628816604614,False,0.580218996251024,False,0.4046798018253175,OSC089,survival
2021-02-01,2021-06-16,2021-08-01,0.1317154154581399,0.1500371142690768,0.5535738468170166,False,0.3013953639734973,False,0.0800844891688019,ARI090,self_realization
2021-02-01,2021-06-16,2021-08-01,0.0864630387729238,0.4136261597174666,6.2986249923706055,False,0.3013953639734973,False,0.0800844891688019,OSC090,self_realization
2021-02-01,2021-06-16,2021-08-01,0.1658445532910545,63.69965136769876,0.5988850593566895,False,0.5392752058646177,False,0.4830657085060932,ARI090,socialization
2021-02-01,2021-06-16,2021-08-01,0.0471996477575271,0.1768764097734438,8.615576267242432,False,0.5392752058646177,False,0.4830657085060932,OSC090,socialization
2021-02-01,2021-06-16,2021-08-01,0.2776478291507431,0.2066777575253404,0.5812478065490723,False,0.2027497713275973,False,0.9406763938263104,ARI090,survival
2021-02-01,2021-06-16,2021-08-01,0.0375808647053469,0.1833973441729401,10.37865662574768,False,0.2027497713275973,False,0.9406763938263104,OSC090,survival
2021-03-01,2021-07-17,2021-09-01,0.1289759600113934,0.2360103510639798,0.5545859336853027,True,0.0378733921254472,False,0.8884190147520437,ARI091,self_realization
2021-03-01,2021-07-17,2021-09-01,0.0951674704876228,0.0629450960992215,10.718648672103882,True,0.0378733921254472,False,0.8884190147520437,OSC091,self_realization
2021-03-01,2021-07-17,2021-09-01,0.0871975107332573,0.1236167931032929,0.6002476215362549,False,0.9166116881387628,False,0.7155209480797275,ARI091,socialization
2021-03-01,2021-07-17,2021-09-01,0.0759279417097899,0.0390207708531027,7.847410917282104,False,0.9166116881387628,False,0.7155209480797275,OSC091,socialization
2021-03-01,2021-07-17,2021-09-01,0.1346738924503492,0.0427494685368072,0.5428547859191895,False,0.7659867686025663,True,0.0027221887967839,ARI091,survival
2021-03-01,2021-07-17,2021-09-01,0.0548538279687094,0.0496492771793042,11.078335762023926,False,0.7659867686025663,True,0.0027221887967839,OSC091,survival
2021-04-01,2021-08-16,2021-10-01,0.7498569503784885,294.9749649130224,0.6819822788238525,True,0.0006859732111524,False,0.3480633710125073,ARI092,self_realization
2021-04-01,2021-08-16,2021-10-01,0.0457748577888864,0.1425739632652775,11.83847713470459,True,0.0006859732111524,False,0.3480633710125073,OSC092,self_realization
2021-04-01,2021-08-16,2021-10-01,0.0416135027144656,0.1591983799801038,0.5315687656402588,False,0.6687368080840299,False,0.4196847837992271,ARI092,socialization
2021-04-01,2021-08-16,2021-10-01,0.0373624892290772,0.1536728377396416,8.990723133087158,False,0.6687368080840299,False,0.4196847837992271,OSC092,socialization
2021-04-01,2021-08-16,2021-10-01,0.1208593800201629,0.09953908359058,0.5619051456451416,False,0.3450567916139343,True,0.0136819248946791,ARI092,survival
2021-04-01,2021-08-16,2021-10-01,0.0312724775278835,0.0827505783239263,9.637532949447632,False,0.3450567916139343,True,0.0136819248946791,OSC092,survival
2021-05-01,2021-09-16,2021-11-01,0.1033034909958886,1.4223024298864655,0.6005804538726807,False,0.8790723620907327,False,0.1985418558100363,ARI093,self_realization
2021-05-01,2021-09-16,2021-11-01,0.1174221852907951,0.1069029606391342,7.941943645477295,False,0.8790723620907327,False,0.1985418558100363,OSC093,self_realization
2021-05-01,2021-09-16,2021-11-01,0.1738723796874024,0.0204144979364957,0.5364460945129395,False,0.1057101135466386,False,0.0763940027819803,ARI093,socialization
2021-05-01,2021-09-16,2021-11-01,0.0237287314448539,0.1214162405697023,10.925738096237184,False,0.1057101135466386,False,0.0763940027819803,OSC093,socialization
2021-05-01,2021-09-16,2021-11-01,0.101370921158926,0.041170389596107,0.5420882701873779,False,0.375198612341302,True,0.0149904428599806,ARI093,survival
2021-05-01,2021-09-16,2021-11-01,0.021559673464068,0.0373800326791514,12.3284330368042,False,0.375198612341302,True,0.0149904428599806,OSC093,survival
2021-06-01,2021-10-16,2021-12-01,0.3833552655924507,0.5549759904808783,0.4852547645568847,False,0.4105455953469784,False,0.2741306878650879,ARI094,self_realization
2021-06-01,2021-10-16,2021-12-01,0.1110235674281196,0.118056928673133,8.020949363708496,False,0.4105455953469784,False,0.2741306878650879,OSC094,self_realization
2021-06-01,2021-10-16,2021-12-01,0.2722803507237732,0.0960875947912373,0.5399842262268066,False,0.9405757692465412,False,0.1251914393188503,ARI094,socialization
2021-06-01,2021-10-16,2021-12-01,0.0375397414909589,0.0631689334443282,11.83695912361145,False,0.9405757692465412,False,0.1251914393188503,OSC094,socialization
2021-06-01,2021-10-16,2021-12-01,0.1172880209784463,0.0883034975284792,0.5923337936401367,False,0.6958162382095651,True,0.0099789282687819,ARI094,survival
2021-06-01,2021-10-16,2021-12-01,0.0269081687923625,0.0985227671478902,12.397364616394045,False,0.6958162382095651,True,0.0099789282687819,OSC094,survival
2021-07-01,2021-11-16,2022-01-01,0.240463115004241,0.615268688434647,0.7602436542510986,False,0.5697542146944442,False,0.8830638602572671,ARI095,self_realization
2021-07-01,2021-11-16,2022-01-01,0.1348478396759426,0.3133572054114151,6.587685585021973,False,0.5697542146944442,False,0.8830638602572671,OSC095,self_realization
2021-07-01,2021-11-16,2022-01-01,0.1329937513355411,0.0724613111097052,0.5770902633666992,False,0.830317228751855,True,0.0310798908244096,ARI095,socialization
2021-07-01,2021-11-16,2022-01-01,0.0572097999863193,0.0849542568785058,11.017240047454834,False,0.830317228751855,True,0.0310798908244096,OSC095,socialization
2021-07-01,2021-11-16,2022-01-01,0.1821083557675999,0.2041392935815326,0.5753519535064697,False,0.1916321112327704,False,0.8270717110887463,ARI095,survival
2021-07-01,2021-11-16,2022-01-01,0.0732207448585741,0.2329014892591002,11.863490581512451,False,0.1916321112327704,False,0.8270717110887463,OSC095,survival
2021-08-01,2021-12-17,2022-02-01,0.1325633234244443,0.1883684993929638,0.7095656394958496,False,0.413291339976588,True,0.006817772729558,ARI096,self_realization
2021-08-01,2021-12-17,2022-02-01,0.1085449606240243,0.2891509717949879,8.946816444396973,False,0.413291339976588,True,0.006817772729558,OSC096,self_realization
2021-08-01,2021-12-17,2022-02-01,0.2826278976222302,0.1999502738610041,0.6146798133850098,False,0.251477139329591,False,0.419913900563798,ARI096,socialization
2021-08-01,2021-12-17,2022-02-01,0.0942450509201434,0.1422072659136871,11.264341354370115,False,0.251477139329591,False,0.419913900563798,OSC096,socialization
2021-08-01,2021-12-17,2022-02-01,0.2752011916709406,0.1481007677748907,0.546788215637207,False,0.8650519989432468,False,0.5055031415506666,ARI096,survival
2021-08-01,2021-12-17,2022-02-01,0.0384648880407968,0.1340696588224462,12.453087091445925,False,0.8650519989432468,False,0.5055031415506666,OSC096,survival
2021-09-01,2022-01-14,2022-03-01,0.4573545779191483,1.482993518750015,0.6488895416259766,False,0.5954501435850497,True,0.001981083940457,ARI097,self_realization
2021-09-01,2022-01-14,2022-03-01,0.1899150646606364,0.2031783486955106,8.663941144943237,False,0.5954501435850497,True,0.001981083940457,OSC097,self_realization
2021-09-01,2022-01-14,2022-03-01,0.2472819017650306,0.8914390713647784,0.578937292098999,True,0.0213911391277041,False,0.991809468590786,ARI097,socialization
2021-09-01,2022-01-14,2022-03-01,0.0664499667836475,0.1979400398654523,10.747237205505373,True,0.0213911391277041,False,0.991809468590786,OSC097,socialization
2021-09-01,2022-01-14,2022-03-01,0.6208685869427754,1.312266919927929,0.5375518798828125,False,0.5568435647219852,False,0.0613287164384207,ARI097,survival
2021-09-01,2022-01-14,2022-03-01,0.1002039456014934,0.0693437073594408,6.942599534988403,False,0.5568435647219852,False,0.0613287164384207,OSC097,survival
2021-10-01,2022-02-14,2022-04-01,0.1629546290720765,0.3818865325154064,0.592137336730957,False,0.7325359278188728,False,0.4947448257473702,ARI098,self_realization
2021-10-01,2022-02-14,2022-04-01,0.1846893240263815,0.2864968706279847,6.333332061767578,False,0.7325359278188728,False,0.4947448257473702,OSC098,self_realization
2021-10-01,2022-02-14,2022-04-01,0.1303894492014188,0.1796472952915148,0.549968957901001,False,0.8251998708843342,False,0.1482622582480383,ARI098,socialization
2021-10-01,2022-02-14,2022-04-01,0.1127800693007267,0.2650542589398048,10.375576257705688,False,0.8251998708843342,False,0.1482622582480383,OSC098,socialization
2021-10-01,2022-02-14,2022-04-01,0.2537000773821471,0.1056927332465626,0.5623149871826172,False,0.5437215124695219,False,0.3147492147035208,ARI098,survival
2021-10-01,2022-02-14,2022-04-01,0.0953204041994357,0.0925307356827637,9.410731315612791,False,0.5437215124695219,False,0.3147492147035208,OSC098,survival
2021-11-01,2022-03-16,2022-05-01,0.107068724910939,0.4005189519528472,0.5569994449615479,False,0.5047773472524856,True,0.0002866710109941,ARI099,self_realization
2021-11-01,2022-03-16,2022-05-01,0.1618550140341304,0.5586331179144701,6.3576085567474365,False,0.5047773472524856,True,0.0002866710109941,OSC099,self_realization
2021-11-01,2022-03-16,2022-05-01,0.0996381806171464,0.5310597282777386,0.5554962158203125,False,0.6702578233199439,False,0.3540648417475197,ARI099,socialization
2021-11-01,2022-03-16,2022-05-01,0.1158175989204279,0.3023582379177526,7.546430587768555,False,0.6702578233199439,False,0.3540648417475197,OSC099,socialization
2021-11-01,2022-03-16,2022-05-01,0.0237864860565504,0.2143576964194326,0.5698835849761963,False,0.4723261430119876,False,0.0880812865649966,ARI099,survival
2021-11-01,2022-03-16,2022-05-01,0.1043330070060855,0.3287925774385297,7.876279830932617,False,0.4723261430119876,False,0.0880812865649966,OSC099,survival
2021-12-01,2022-04-16,2022-06-01,0.2662014178649805,0.3146808350915275,0.584463357925415,False,0.5545965300973228,False,0.1281447651970324,ARI100,self_realization
2021-12-01,2022-04-16,2022-06-01,0.1641547550408719,0.1918672879949819,7.428848743438721,False,0.5545965300973228,False,0.1281447651970324,OSC100,self_realization
2021-12-01,2022-04-16,2022-06-01,0.7227595271399858,0.1764970021358844,0.5422120094299316,False,0.482590341154897,True,0.0007182626856749,ARI100,socialization
2021-12-01,2022-04-16,2022-06-01,0.1544137719863441,0.0610476513796399,9.648334264755247,False,0.482590341154897,True,0.0007182626856749,OSC100,socialization
2021-12-01,2022-04-16,2022-06-01,0.1845281589367516,0.092419102403415,0.5702996253967285,False,0.311851457790686,True,0.0278216570993472,ARI100,survival
2021-12-01,2022-04-16,2022-06-01,0.1107310081532071,0.1597224222022132,8.650307655334473,False,0.311851457790686,True,0.0278216570993472,OSC100,survival
